time,amplitude,alpha_power,beta_power,command
0.000,3.07,0.5,0.5,NONE
0.004,20.99,0.5,0.5,NONE
0.008,31.94,0.5,0.5,NONE
0.012,43.03,0.5,0.5,NONE
0.016,45.32,0.5,0.5,NONE
0.020,41.48,0.5,0.5,NONE
0.023,30.47,0.5,0.5,NONE
0.027,10.34,0.5,0.5,NONE
0.031,3.92,0.5,0.5,NONE
0.035,-8.69,0.5,0.5,NONE
0.039,-1.33,0.5,0.5,NONE
0.043,-2.70,0.5,0.5,NONE
0.047,6.40,0.5,0.5,NONE
0.051,6.20,0.5,0.5,NONE
0.055,11.47,0.5,0.5,NONE
0.059,3.56,0.5,0.5,NONE
0.062,3.73,0.5,0.5,NONE
0.066,-20.94,0.5,0.5,NONE
0.070,-25.38,0.5,0.5,NONE
0.074,-38.54,0.5,0.5,NONE
0.078,-42.89,0.5,0.5,NONE
0.082,-42.26,0.5,0.5,NONE
0.086,-29.58,0.5,0.5,NONE
0.090,-15.23,0.5,0.5,NONE
0.094,1.96,0.5,0.5,NONE
0.098,21.76,0.5,0.5,NONE
0.102,33.69,0.5,0.5,NONE
0.105,43.90,0.5,0.5,NONE
0.109,36.10,0.5,0.5,NONE
0.113,36.74,0.5,0.5,NONE
0.117,18.93,0.5,0.5,NONE
0.121,9.57,0.5,0.5,NONE
0.125,-6.74,0.5,0.5,NONE
0.129,0.29,0.5,0.5,NONE
0.133,-4.33,0.5,0.5,NONE
0.137,0.74,0.5,0.5,NONE
0.141,4.55,0.5,0.5,NONE
0.145,10.56,0.5,0.5,NONE
0.148,16.71,0.5,0.5,NONE
0.152,5.23,0.5,0.5,NONE
0.156,0.84,0.5,0.5,NONE
0.160,-13.13,0.5,0.5,NONE
0.164,-29.93,0.5,0.5,NONE
0.168,-43.21,0.5,0.5,NONE
0.172,-46.95,0.5,0.5,NONE
0.176,-41.51,0.5,0.5,NONE
0.180,-39.23,0.5,0.5,NONE
0.184,-18.62,0.5,0.5,NONE
0.188,2.36,0.5,0.5,NONE
0.191,20.58,0.5,0.5,NONE
0.195,28.71,0.5,0.5,NONE
0.199,41.13,0.5,0.5,NONE
0.203,30.98,0.5,0.5,NONE
0.207,31.67,0.5,0.5,NONE
0.211,15.21,0.5,0.5,NONE
0.215,7.19,0.5,0.5,NONE
0.219,2.40,0.5,0.5,NONE
0.223,-3.88,0.5,0.5,NONE
0.227,4.49,0.5,0.5,NONE
0.230,6.19,0.5,0.5,NONE
0.234,8.52,0.5,0.5,NONE
0.238,10.84,0.5,0.5,NONE
0.242,14.64,0.5,0.5,NONE
0.246,3.40,0.5,0.5,NONE
0.250,0.36,0.5,0.5,NONE
0.254,-11.48,0.5,0.5,NONE
0.258,-33.26,0.5,0.5,NONE
0.262,-43.30,0.5,0.5,NONE
0.266,-50.48,0.5,0.5,NONE
0.270,-43.53,0.5,0.5,NONE
0.273,-33.34,0.5,0.5,NONE
0.277,-20.55,0.5,0.5,NONE
0.281,-1.34,0.5,0.5,NONE
0.285,18.42,0.5,0.5,NONE
0.289,32.69,0.5,0.5,NONE
0.293,34.58,0.5,0.5,NONE
0.297,35.51,0.5,0.5,NONE
0.301,27.75,0.5,0.5,NONE
0.305,16.45,0.5,0.5,NONE
0.309,3.34,0.5,0.5,NONE
0.312,-0.55,0.5,0.5,NONE
0.316,4.08,0.5,0.5,NONE
0.320,8.64,0.5,0.5,NONE
0.324,7.21,0.5,0.5,NONE
0.328,19.17,0.5,0.5,NONE
0.332,17.98,0.5,0.5,NONE
0.336,14.61,0.5,0.5,NONE
0.340,14.42,0.5,0.5,NONE
0.344,2.80,0.5,0.5,NONE
0.348,-18.31,0.5,0.5,NONE
0.352,-28.91,0.5,0.5,NONE
0.355,-43.78,0.5,0.5,NONE
0.359,-49.40,0.5,0.5,NONE
0.363,-46.03,0.5,0.5,NONE
0.367,-39.29,0.5,0.5,NONE
0.371,-22.40,0.5,0.5,NONE
0.375,4.03,0.5,0.5,NONE
0.379,12.43,0.5,0.5,NONE
0.383,25.86,0.5,0.5,NONE
0.387,29.43,0.5,0.5,NONE
0.391,33.59,0.5,0.5,NONE
0.395,17.79,0.5,0.5,NONE
0.398,18.23,0.5,0.5,NONE
0.402,0.31,0.5,0.5,NONE
0.406,0.40,0.5,0.5,NONE
0.410,1.03,0.5,0.5,NONE
0.414,3.72,0.5,0.5,NONE
0.418,10.88,0.5,0.5,NONE
0.422,23.77,0.5,0.5,NONE
0.426,25.28,0.5,0.5,NONE
0.430,25.24,0.5,0.5,NONE
0.434,12.01,0.5,0.5,NONE
0.438,0.17,0.5,0.5,NONE
0.441,-13.90,0.5,0.5,NONE
0.445,-32.37,0.5,0.5,NONE
0.449,-43.96,0.5,0.5,NONE
0.453,-55.22,0.5,0.5,NONE
0.457,-46.84,0.5,0.5,NONE
0.461,-32.48,0.5,0.5,NONE
0.465,-23.91,0.5,0.5,NONE
0.469,-2.58,0.5,0.5,NONE
0.473,14.04,0.5,0.5,NONE
0.477,26.87,0.5,0.5,NONE
0.480,31.56,0.5,0.5,NONE
0.484,21.01,0.5,0.5,NONE
0.488,14.70,0.5,0.5,NONE
0.492,13.03,0.5,0.5,NONE
0.496,-0.72,0.5,0.5,NONE
0.500,-4.71,0.5,0.5,NONE
0.504,-1.05,0.5,0.5,NONE
0.508,9.26,0.5,0.5,NONE
0.512,17.48,0.5,0.5,NONE
0.516,28.59,0.5,0.5,NONE
0.520,28.18,0.5,0.5,NONE
0.523,25.28,0.5,0.5,NONE
0.527,13.96,0.5,0.5,NONE
0.531,1.02,0.5,0.5,NONE
0.535,-14.61,0.5,0.5,NONE
0.539,-36.35,0.5,0.5,NONE
0.543,-46.91,0.5,0.5,NONE
0.547,-49.55,0.5,0.5,NONE
0.551,-45.75,0.5,0.5,NONE
0.555,-31.38,0.5,0.5,NONE
0.559,-14.68,0.5,0.5,NONE
0.562,0.51,0.5,0.5,NONE
0.566,16.34,0.5,0.5,NONE
0.570,19.10,0.5,0.5,NONE
0.574,22.07,0.5,0.5,NONE
0.578,19.82,0.5,0.5,NONE
0.582,11.61,0.5,0.5,NONE
0.586,10.42,0.5,0.5,NONE
0.590,5.63,0.5,0.5,NONE
0.594,0.07,0.5,0.5,NONE
0.598,5.53,0.5,0.5,NONE
0.602,11.60,0.5,0.5,NONE
0.605,20.93,0.5,0.5,NONE
0.609,27.20,0.5,0.5,NONE
0.613,28.31,0.5,0.5,NONE
0.617,34.37,0.5,0.5,NONE
0.621,19.79,0.5,0.5,NONE
0.625,-5.29,0.5,0.5,NONE
0.629,-15.12,0.5,0.5,NONE
0.633,-33.17,0.5,0.5,NONE
0.637,-45.31,0.5,0.5,NONE
0.641,-41.84,0.5,0.5,NONE
0.645,-43.22,0.5,0.5,NONE
0.648,-30.68,0.5,0.5,NONE
0.652,-14.00,0.5,0.5,NONE
0.656,-3.97,0.5,0.5,NONE
0.660,13.25,0.5,0.5,NONE
0.664,20.35,0.5,0.5,NONE
0.668,22.09,0.5,0.5,NONE
0.672,14.71,0.5,0.5,NONE
0.676,9.29,0.5,0.5,NONE
0.680,4.70,0.5,0.5,NONE
0.684,1.11,0.5,0.5,NONE
0.688,2.33,0.5,0.5,NONE
0.691,4.22,0.5,0.5,NONE
0.695,20.45,0.5,0.5,NONE
0.699,23.98,0.5,0.5,NONE
0.703,35.11,0.5,0.5,NONE
0.707,36.10,0.5,0.5,NONE
0.711,27.09,0.5,0.5,NONE
0.715,20.20,0.5,0.5,NONE
0.719,-5.61,0.5,0.5,NONE
0.723,-21.88,0.5,0.5,NONE
0.727,-35.04,0.5,0.5,NONE
0.730,-45.16,0.5,0.5,NONE
0.734,-48.97,0.5,0.5,NONE
0.738,-43.29,0.5,0.5,NONE
0.742,-29.78,0.5,0.5,NONE
0.746,-13.96,0.5,0.5,NONE
0.750,-1.97,0.5,0.5,NONE
0.754,10.09,0.5,0.5,NONE
0.758,19.34,0.5,0.5,NONE
0.762,15.05,0.5,0.5,NONE
0.766,11.08,0.5,0.5,NONE
0.770,7.26,0.5,0.5,NONE
0.773,6.38,0.5,0.5,NONE
0.777,-1.70,0.5,0.5,NONE
0.781,3.07,0.5,0.5,NONE
0.785,7.93,0.5,0.5,NONE
0.789,18.05,0.5,0.5,NONE
0.793,35.25,0.5,0.5,NONE
0.797,36.83,0.5,0.5,NONE
0.801,44.34,0.5,0.5,NONE
0.805,35.37,0.5,0.5,NONE
0.809,18.85,0.5,0.5,NONE
0.812,-0.08,0.5,0.5,NONE
0.816,-22.28,0.5,0.5,NONE
0.820,-33.31,0.5,0.5,NONE
0.824,-42.68,0.5,0.5,NONE
0.828,-46.96,0.5,0.5,NONE
0.832,-42.44,0.5,0.5,NONE
0.836,-24.94,0.5,0.5,NONE
0.840,-13.34,0.5,0.5,NONE
0.844,3.58,0.5,0.5,NONE
0.848,8.06,0.5,0.5,NONE
0.852,17.89,0.5,0.5,NONE
0.855,13.00,0.5,0.5,NONE
0.859,1.63,0.5,0.5,NONE
0.863,-0.03,0.5,0.5,NONE
0.867,-11.55,0.5,0.5,NONE
0.871,-1.97,0.5,0.5,NONE
0.875,1.90,0.5,0.5,NONE
0.879,11.10,0.5,0.5,NONE
0.883,22.91,0.5,0.5,NONE
0.887,35.00,0.5,0.5,NONE
0.891,42.72,0.5,0.5,NONE
0.895,31.51,0.5,0.5,NONE
0.898,32.20,0.5,0.5,NONE
0.902,23.50,0.5,0.5,NONE
0.906,2.70,0.5,0.5,NONE
0.910,-19.40,0.5,0.5,NONE
0.914,-31.68,0.5,0.5,NONE
0.918,-44.71,0.5,0.5,NONE
0.922,-48.33,0.5,0.5,NONE
0.926,-39.31,0.5,0.5,NONE
0.930,-26.74,0.5,0.5,NONE
0.934,-9.28,0.5,0.5,NONE
0.938,-2.48,0.5,0.5,NONE
0.941,6.94,0.5,0.5,NONE
0.945,8.94,0.5,0.5,NONE
0.949,6.14,0.5,0.5,NONE
0.953,2.69,0.5,0.5,NONE
0.957,-5.67,0.5,0.5,NONE
0.961,-5.83,0.5,0.5,NONE
0.965,-9.34,0.5,0.5,NONE
0.969,5.74,0.5,0.5,NONE
0.973,10.28,0.5,0.5,NONE
0.977,21.78,0.5,0.5,NONE
0.980,33.66,0.5,0.5,NONE
0.984,45.30,0.5,0.5,NONE
0.988,41.13,0.5,0.5,NONE
0.992,36.32,0.5,0.5,NONE
0.996,26.58,0.5,0.5,NONE
1.000,1.49,0.5,0.5,NONE
1.004,-17.99,0.5,0.5,NONE
1.008,-39.39,0.5,0.5,NONE
1.012,-40.28,0.5,0.5,NONE
1.016,-39.28,0.5,0.5,NONE
1.020,-34.99,0.5,0.5,NONE
1.023,-21.29,0.5,0.5,NONE
1.027,-15.61,0.5,0.5,NONE
1.031,0.32,0.5,0.5,NONE
1.035,8.39,0.5,0.5,NONE
1.039,10.33,0.5,0.5,NONE
1.043,0.79,0.5,0.5,NONE
1.047,3.82,0.5,0.5,NONE
1.051,-7.39,0.5,0.5,NONE
1.055,-10.78,0.5,0.5,NONE
1.059,-12.63,0.5,0.5,NONE
1.062,5.18,0.5,0.5,NONE
1.066,16.25,0.5,0.5,NONE
1.070,26.89,0.5,0.5,NONE
1.074,41.77,0.5,0.5,NONE
1.078,46.14,0.5,0.5,NONE
1.082,40.41,0.5,0.5,NONE
1.086,38.49,0.5,0.5,NONE
1.090,20.89,0.5,0.5,NONE
1.094,0.09,0.5,0.5,NONE
1.098,-17.71,0.5,0.5,NONE
1.102,-31.60,0.5,0.5,NONE
1.105,-38.97,0.5,0.5,NONE
1.109,-40.16,0.5,0.5,NONE
1.113,-35.10,0.5,0.5,NONE
1.117,-17.39,0.5,0.5,NONE
1.121,-10.53,0.5,0.5,NONE
1.125,6.43,0.5,0.5,NONE
1.129,4.14,0.5,0.5,NONE
1.133,2.05,0.5,0.5,NONE
1.137,-4.50,0.5,0.5,NONE
1.141,-12.15,0.5,0.5,NONE
1.145,-13.34,0.5,0.5,NONE
1.148,-17.85,0.5,0.5,NONE
1.152,-7.22,0.5,0.5,NONE
1.156,0.52,0.5,0.5,NONE
1.160,12.68,0.5,0.5,NONE
1.164,30.23,0.5,0.5,NONE
1.168,41.86,0.5,0.5,NONE
1.172,50.39,0.5,0.5,NONE
1.176,46.73,0.5,0.5,NONE
1.180,35.05,0.5,0.5,NONE
1.184,18.46,0.5,0.5,NONE
1.188,-0.15,0.5,0.5,NONE
1.191,-17.69,0.5,0.5,NONE
1.195,-33.36,0.5,0.5,NONE
1.199,-36.48,0.5,0.5,NONE
1.203,-32.02,0.5,0.5,NONE
1.207,-24.74,0.5,0.5,NONE
1.211,-16.46,0.5,0.5,NONE
1.215,-8.40,0.5,0.5,NONE
1.219,1.70,0.5,0.5,NONE
1.223,6.43,0.5,0.5,NONE
1.227,0.53,0.5,0.5,NONE
1.230,-5.85,0.5,0.5,NONE
1.234,-13.58,0.5,0.5,NONE
1.238,-12.55,0.5,0.5,NONE
1.242,-21.52,0.5,0.5,NONE
1.246,-11.13,0.5,0.5,NONE
1.250,0.98,0.5,0.5,NONE
1.254,14.07,0.5,0.5,NONE
1.258,29.47,0.5,0.5,NONE
1.262,44.92,0.5,0.5,NONE
1.266,53.88,0.5,0.5,NONE
1.270,45.15,0.5,0.5,NONE
1.273,31.94,0.5,0.5,NONE
1.277,22.34,0.5,0.5,NONE
1.281,3.12,0.5,0.5,NONE
1.285,-18.41,0.5,0.5,NONE
1.289,-26.23,0.5,0.5,NONE
1.293,-33.15,0.5,0.5,NONE
1.297,-34.59,0.5,0.5,NONE
1.301,-26.92,0.5,0.5,NONE
1.305,-18.40,0.5,0.5,NONE
1.309,-6.61,0.5,0.5,NONE
1.312,-2.30,0.5,0.5,NONE
1.316,-1.21,0.5,0.5,NONE
1.320,-0.11,0.5,0.5,NONE
1.324,-13.13,0.5,0.5,NONE
1.328,-13.44,0.5,0.5,NONE
1.332,-26.78,0.5,0.5,NONE
1.336,-15.34,0.5,0.5,NONE
1.340,-15.40,0.5,0.5,NONE
1.344,3.09,0.5,0.5,NONE
1.348,19.41,0.5,0.5,NONE
1.352,31.26,0.5,0.5,NONE
1.355,45.75,0.5,0.5,NONE
1.359,49.20,0.5,0.5,NONE
1.363,49.65,0.5,0.5,NONE
1.367,35.70,0.5,0.5,NONE
1.371,20.47,0.5,0.5,NONE
1.375,0.22,0.5,0.5,NONE
1.379,-16.57,0.5,0.5,NONE
1.383,-30.68,0.5,0.5,NONE
1.387,-30.84,0.5,0.5,NONE
1.391,-28.16,0.5,0.5,NONE
1.395,-25.92,0.5,0.5,NONE
1.398,-16.02,0.5,0.5,NONE
1.402,-3.34,0.5,0.5,NONE
1.406,0.75,0.5,0.5,NONE
1.410,1.13,0.5,0.5,NONE
1.414,-1.08,0.5,0.5,NONE
1.418,-12.73,0.5,0.5,NONE
1.422,-20.41,0.5,0.5,NONE
1.426,-21.01,0.5,0.5,NONE
1.430,-22.52,0.5,0.5,NONE
1.434,-13.95,0.5,0.5,NONE
1.438,-1.79,0.5,0.5,NONE
1.441,17.78,0.5,0.5,NONE
1.445,36.87,0.5,0.5,NONE
1.449,40.96,0.5,0.5,NONE
1.453,48.12,0.5,0.5,NONE
1.457,42.60,0.5,0.5,NONE
1.461,38.37,0.5,0.5,NONE
1.465,13.95,0.5,0.5,NONE
1.469,-1.36,0.5,0.5,NONE
1.473,-18.67,0.5,0.5,NONE
1.477,-26.97,0.5,0.5,NONE
1.480,-30.55,0.5,0.5,NONE
1.484,-28.68,0.5,0.5,NONE
1.488,-12.88,0.5,0.5,NONE
1.492,-6.77,0.5,0.5,NONE
1.496,-1.56,0.5,0.5,NONE
1.500,3.62,0.5,0.5,NONE
1.504,0.47,0.5,0.5,NONE
1.508,-2.86,0.5,0.5,NONE
1.512,-16.29,0.5,0.5,NONE
1.516,-29.19,0.5,0.5,NONE
1.520,-30.47,0.5,0.5,NONE
1.523,-18.49,0.5,0.5,NONE
1.527,-11.24,0.5,0.5,NONE
1.531,1.83,0.5,0.5,NONE
1.535,14.09,0.5,0.5,NONE
1.539,33.30,0.5,0.5,NONE
1.543,44.85,0.5,0.5,NONE
1.547,51.46,0.5,0.5,NONE
1.551,47.23,0.5,0.5,NONE
1.555,31.53,0.5,0.5,NONE
1.559,15.66,0.5,0.5,NONE
1.562,-0.40,0.5,0.5,NONE
1.566,-13.79,0.5,0.5,NONE
1.570,-17.13,0.5,0.5,NONE
1.574,-23.43,0.5,0.5,NONE
1.578,-19.32,0.5,0.5,NONE
1.582,-12.74,0.5,0.5,NONE
1.586,-0.17,0.5,0.5,NONE
1.590,-0.57,0.5,0.5,NONE
1.594,-2.16,0.5,0.5,NONE
1.598,-0.35,0.5,0.5,NONE
1.602,-10.12,0.5,0.5,NONE
1.605,-22.90,0.5,0.5,NONE
1.609,-27.93,0.5,0.5,NONE
1.613,-35.98,0.5,0.5,NONE
1.617,-27.84,0.5,0.5,NONE
1.621,-15.48,0.5,0.5,NONE
1.625,-0.89,0.5,0.5,NONE
1.629,19.60,0.5,0.5,NONE
1.633,39.15,0.5,0.5,NONE
1.637,44.96,0.5,0.5,NONE
1.641,52.72,0.5,0.5,NONE
1.645,35.63,0.5,0.5,NONE
1.648,31.31,0.5,0.5,NONE
1.652,16.22,0.5,0.5,NONE
1.656,-2.11,0.5,0.5,NONE
1.660,-12.66,0.5,0.5,NONE
1.664,-22.94,0.5,0.5,NONE
1.668,-25.93,0.5,0.5,NONE
1.672,-17.45,0.5,0.5,NONE
1.676,-10.87,0.5,0.5,NONE
1.680,0.07,0.5,0.5,NONE
1.684,6.69,0.5,0.5,NONE
1.688,2.64,0.5,0.5,NONE
1.691,-11.86,0.5,0.5,NONE
1.695,-13.24,0.5,0.5,NONE
1.699,-26.33,0.5,0.5,NONE
1.703,-34.65,0.5,0.5,NONE
1.707,-34.55,0.5,0.5,NONE
1.711,-30.56,0.5,0.5,NONE
1.715,-14.98,0.5,0.5,NONE
1.719,2.36,0.5,0.5,NONE
1.723,17.39,0.5,0.5,NONE
1.727,32.56,0.5,0.5,NONE
1.730,46.13,0.5,0.5,NONE
1.734,51.10,0.5,0.5,NONE
1.738,41.32,0.5,0.5,NONE
1.742,32.88,0.5,0.5,NONE
1.746,14.37,0.5,0.5,NONE
1.750,0.92,0.5,0.5,NONE
1.754,-12.99,0.5,0.5,NONE
1.758,-16.88,0.5,0.5,NONE
1.762,-11.75,0.5,0.5,NONE
1.766,-8.86,0.5,0.5,NONE
1.770,-4.03,0.5,0.5,NONE
1.773,2.17,0.5,0.5,NONE
1.777,2.16,0.5,0.5,NONE
1.781,-3.20,0.5,0.5,NONE
1.785,-6.95,0.5,0.5,NONE
1.789,-18.56,0.5,0.5,NONE
1.793,-26.80,0.5,0.5,NONE
1.797,-39.91,0.5,0.5,NONE
1.801,-39.93,0.5,0.5,NONE
1.805,-26.91,0.5,0.5,NONE
1.809,-14.39,0.5,0.5,NONE
1.812,-2.99,0.5,0.5,NONE
1.816,15.33,0.5,0.5,NONE
1.820,34.81,0.5,0.5,NONE
1.824,45.52,0.5,0.5,NONE
1.828,43.44,0.5,0.5,NONE
1.832,43.94,0.5,0.5,NONE
1.836,22.54,0.5,0.5,NONE
1.840,18.04,0.5,0.5,NONE
1.844,-1.01,0.5,0.5,NONE
1.848,-13.62,0.5,0.5,NONE
1.852,-15.84,0.5,0.5,NONE
1.855,-12.58,0.5,0.5,NONE
1.859,-5.25,0.5,0.5,NONE
1.863,1.44,0.5,0.5,NONE
1.867,6.48,0.5,0.5,NONE
1.871,8.69,0.5,0.5,NONE
1.875,-1.14,0.5,0.5,NONE
1.879,-13.77,0.5,0.5,NONE
1.883,-21.66,0.5,0.5,NONE
1.887,-33.46,0.5,0.5,NONE
1.891,-40.51,0.5,0.5,NONE
1.895,-41.09,0.5,0.5,NONE
1.898,-31.38,0.5,0.5,NONE
1.902,-21.08,0.5,0.5,NONE
1.906,4.57,0.5,0.5,NONE
1.910,20.75,0.5,0.5,NONE
1.914,32.95,0.5,0.5,NONE
1.918,43.62,0.5,0.5,NONE
1.922,43.18,0.5,0.5,NONE
1.926,40.64,0.5,0.5,NONE
1.930,27.38,0.5,0.5,NONE
1.934,11.70,0.5,0.5,NONE
1.938,0.28,0.5,0.5,NONE
1.941,-13.54,0.5,0.5,NONE
1.945,-14.17,0.5,0.5,NONE
1.949,-10.78,0.5,0.5,NONE
1.953,1.03,0.5,0.5,NONE
1.957,1.22,0.5,0.5,NONE
1.961,2.08,0.5,0.5,NONE
1.965,5.60,0.5,0.5,NONE
1.969,-2.78,0.5,0.5,NONE
1.973,-11.62,0.5,0.5,NONE
1.977,-23.99,0.5,0.5,NONE
1.980,-37.18,0.5,0.5,NONE
1.984,-44.99,0.5,0.5,NONE
1.988,-40.24,0.5,0.5,NONE
1.992,-34.23,0.5,0.5,NONE
1.996,-23.09,0.5,0.5,NONE
2.000,-2.24,0.3,0.7,FOCUS
2.004,23.05,0.3,0.7,FOCUS
2.008,35.86,0.3,0.7,FOCUS
2.012,43.96,0.3,0.7,FOCUS
2.016,44.63,0.3,0.7,FOCUS
2.020,25.13,0.3,0.7,FOCUS
2.023,15.26,0.3,0.7,FOCUS
2.027,1.57,0.3,0.7,FOCUS
2.031,-14.95,0.3,0.7,FOCUS
2.035,-25.35,0.3,0.7,FOCUS
2.039,-25.13,0.3,0.7,FOCUS
2.043,-8.26,0.3,0.7,FOCUS
2.047,5.99,0.3,0.7,FOCUS
2.051,17.96,0.3,0.7,FOCUS
2.055,22.61,0.3,0.7,FOCUS
2.059,26.12,0.3,0.7,FOCUS
2.062,15.14,0.3,0.7,FOCUS
2.066,3.10,0.3,0.7,FOCUS
2.070,-18.88,0.3,0.7,FOCUS
2.074,-28.90,0.3,0.7,FOCUS
2.078,-42.50,0.3,0.7,FOCUS
2.082,-46.29,0.3,0.7,FOCUS
2.086,-34.26,0.3,0.7,FOCUS
2.090,-18.99,0.3,0.7,FOCUS
2.094,3.28,0.3,0.7,FOCUS
2.098,27.20,0.3,0.7,FOCUS
2.102,39.14,0.3,0.7,FOCUS
2.105,41.04,0.3,0.7,FOCUS
2.109,41.81,0.3,0.7,FOCUS
2.113,27.09,0.3,0.7,FOCUS
2.117,12.56,0.3,0.7,FOCUS
2.121,-8.36,0.3,0.7,FOCUS
2.125,-14.81,0.3,0.7,FOCUS
2.129,-20.47,0.3,0.7,FOCUS
2.133,-16.54,0.3,0.7,FOCUS
2.137,-5.88,0.3,0.7,FOCUS
2.141,9.17,0.3,0.7,FOCUS
2.145,28.29,0.3,0.7,FOCUS
2.148,30.36,0.3,0.7,FOCUS
2.152,22.36,0.3,0.7,FOCUS
2.156,13.39,0.3,0.7,FOCUS
2.160,-4.92,0.3,0.7,FOCUS
2.164,-21.85,0.3,0.7,FOCUS
2.168,-39.80,0.3,0.7,FOCUS
2.172,-47.77,0.3,0.7,FOCUS
2.176,-44.11,0.3,0.7,FOCUS
2.180,-34.18,0.3,0.7,FOCUS
2.184,-16.08,0.3,0.7,FOCUS
2.188,5.71,0.3,0.7,FOCUS
2.191,26.58,0.3,0.7,FOCUS
2.195,42.24,0.3,0.7,FOCUS
2.199,47.82,0.3,0.7,FOCUS
2.203,36.13,0.3,0.7,FOCUS
2.207,24.01,0.3,0.7,FOCUS
2.211,3.74,0.3,0.7,FOCUS
2.215,-9.69,0.3,0.7,FOCUS
2.219,-23.36,0.3,0.7,FOCUS
2.223,-26.01,0.3,0.7,FOCUS
2.227,-14.01,0.3,0.7,FOCUS
2.230,1.33,0.3,0.7,FOCUS
2.234,14.58,0.3,0.7,FOCUS
2.238,21.64,0.3,0.7,FOCUS
2.242,29.64,0.3,0.7,FOCUS
2.246,27.67,0.3,0.7,FOCUS
2.250,14.84,0.3,0.7,FOCUS
2.254,-4.94,0.3,0.7,FOCUS
2.258,-24.10,0.3,0.7,FOCUS
2.262,-41.11,0.3,0.7,FOCUS
2.266,-47.39,0.3,0.7,FOCUS
2.270,-46.81,0.3,0.7,FOCUS
2.273,-36.80,0.3,0.7,FOCUS
2.277,-17.65,0.3,0.7,FOCUS
2.281,1.13,0.3,0.7,FOCUS
2.285,25.40,0.3,0.7,FOCUS
2.289,43.92,0.3,0.7,FOCUS
2.293,40.84,0.3,0.7,FOCUS
2.297,35.54,0.3,0.7,FOCUS
2.301,18.32,0.3,0.7,FOCUS
2.305,1.59,0.3,0.7,FOCUS
2.309,-15.75,0.3,0.7,FOCUS
2.312,-15.50,0.3,0.7,FOCUS
2.316,-27.12,0.3,0.7,FOCUS
2.320,-10.05,0.3,0.7,FOCUS
2.324,6.63,0.3,0.7,FOCUS
2.328,17.45,0.3,0.7,FOCUS
2.332,31.37,0.3,0.7,FOCUS
2.336,32.88,0.3,0.7,FOCUS
2.340,24.75,0.3,0.7,FOCUS
2.344,14.41,0.3,0.7,FOCUS
2.348,-7.87,0.3,0.7,FOCUS
2.352,-25.88,0.3,0.7,FOCUS
2.355,-43.08,0.3,0.7,FOCUS
2.359,-52.61,0.3,0.7,FOCUS
2.363,-45.77,0.3,0.7,FOCUS
2.367,-31.30,0.3,0.7,FOCUS
2.371,-12.78,0.3,0.7,FOCUS
2.375,6.89,0.3,0.7,FOCUS
2.379,21.53,0.3,0.7,FOCUS
2.383,39.28,0.3,0.7,FOCUS
2.387,36.47,0.3,0.7,FOCUS
2.391,31.08,0.3,0.7,FOCUS
2.395,12.35,0.3,0.7,FOCUS
2.398,-0.03,0.3,0.7,FOCUS
2.402,-18.58,0.3,0.7,FOCUS
2.406,-21.60,0.3,0.7,FOCUS
2.410,-23.10,0.3,0.7,FOCUS
2.414,-8.33,0.3,0.7,FOCUS
2.418,6.43,0.3,0.7,FOCUS
2.422,24.18,0.3,0.7,FOCUS
2.426,28.56,0.3,0.7,FOCUS
2.430,34.91,0.3,0.7,FOCUS
2.434,25.93,0.3,0.7,FOCUS
2.438,13.11,0.3,0.7,FOCUS
2.441,-6.32,0.3,0.7,FOCUS
2.445,-29.93,0.3,0.7,FOCUS
2.449,-46.83,0.3,0.7,FOCUS
2.453,-47.31,0.3,0.7,FOCUS
2.457,-47.60,0.3,0.7,FOCUS
2.461,-30.40,0.3,0.7,FOCUS
2.465,-14.57,0.3,0.7,FOCUS
2.469,11.69,0.3,0.7,FOCUS
2.473,24.26,0.3,0.7,FOCUS
2.477,33.51,0.3,0.7,FOCUS
2.480,36.17,0.3,0.7,FOCUS
2.484,24.10,0.3,0.7,FOCUS
2.488,16.42,0.3,0.7,FOCUS
2.492,0.46,0.3,0.7,FOCUS
2.496,-17.27,0.3,0.7,FOCUS
2.500,-21.29,0.3,0.7,FOCUS
2.504,-16.44,0.3,0.7,FOCUS
2.508,-3.38,0.3,0.7,FOCUS
2.512,7.43,0.3,0.7,FOCUS
2.516,20.76,0.3,0.7,FOCUS
2.520,35.93,0.3,0.7,FOCUS
2.523,33.46,0.3,0.7,FOCUS
2.527,26.96,0.3,0.7,FOCUS
2.531,6.62,0.3,0.7,FOCUS
2.535,-8.91,0.3,0.7,FOCUS
2.539,-31.20,0.3,0.7,FOCUS
2.543,-46.30,0.3,0.7,FOCUS
2.547,-58.67,0.3,0.7,FOCUS
2.551,-50.16,0.3,0.7,FOCUS
2.555,-30.01,0.3,0.7,FOCUS
2.559,-12.69,0.3,0.7,FOCUS
2.562,8.17,0.3,0.7,FOCUS
2.566,25.53,0.3,0.7,FOCUS
2.570,37.67,0.3,0.7,FOCUS
2.574,34.62,0.3,0.7,FOCUS
2.578,17.34,0.3,0.7,FOCUS
2.582,6.97,0.3,0.7,FOCUS
2.586,-7.41,0.3,0.7,FOCUS
2.590,-13.50,0.3,0.7,FOCUS
2.594,-21.52,0.3,0.7,FOCUS
2.598,-16.32,0.3,0.7,FOCUS
2.602,-1.90,0.3,0.7,FOCUS
2.605,13.79,0.3,0.7,FOCUS
2.609,28.38,0.3,0.7,FOCUS
2.613,35.67,0.3,0.7,FOCUS
2.617,35.59,0.3,0.7,FOCUS
2.621,30.81,0.3,0.7,FOCUS
2.625,12.62,0.3,0.7,FOCUS
2.629,-12.24,0.3,0.7,FOCUS
2.633,-34.08,0.3,0.7,FOCUS
2.637,-42.76,0.3,0.7,FOCUS
2.641,-48.00,0.3,0.7,FOCUS
2.645,-41.82,0.3,0.7,FOCUS
2.648,-26.35,0.3,0.7,FOCUS
2.652,-5.49,0.3,0.7,FOCUS
2.656,17.03,0.3,0.7,FOCUS
2.660,29.80,0.3,0.7,FOCUS
2.664,29.81,0.3,0.7,FOCUS
2.668,30.98,0.3,0.7,FOCUS
2.672,15.56,0.3,0.7,FOCUS
2.676,5.54,0.3,0.7,FOCUS
2.680,-13.62,0.3,0.7,FOCUS
2.684,-19.03,0.3,0.7,FOCUS
2.688,-17.53,0.3,0.7,FOCUS
2.691,-18.65,0.3,0.7,FOCUS
2.695,-2.20,0.3,0.7,FOCUS
2.699,20.41,0.3,0.7,FOCUS
2.703,28.80,0.3,0.7,FOCUS
2.707,41.93,0.3,0.7,FOCUS
2.711,37.69,0.3,0.7,FOCUS
2.715,26.44,0.3,0.7,FOCUS
2.719,-0.88,0.3,0.7,FOCUS
2.723,-15.89,0.3,0.7,FOCUS
2.727,-39.16,0.3,0.7,FOCUS
2.730,-50.77,0.3,0.7,FOCUS
2.734,-45.42,0.3,0.7,FOCUS
2.738,-45.35,0.3,0.7,FOCUS
2.742,-30.26,0.3,0.7,FOCUS
2.746,-3.32,0.3,0.7,FOCUS
2.750,12.32,0.3,0.7,FOCUS
2.754,28.87,0.3,0.7,FOCUS
2.758,28.31,0.3,0.7,FOCUS
2.762,22.62,0.3,0.7,FOCUS
2.766,10.37,0.3,0.7,FOCUS
2.770,-1.99,0.3,0.7,FOCUS
2.773,-14.57,0.3,0.7,FOCUS
2.777,-20.55,0.3,0.7,FOCUS
2.781,-22.29,0.3,0.7,FOCUS
2.785,-12.66,0.3,0.7,FOCUS
2.789,1.14,0.3,0.7,FOCUS
2.793,25.02,0.3,0.7,FOCUS
2.797,41.53,0.3,0.7,FOCUS
2.801,38.08,0.3,0.7,FOCUS
2.805,37.12,0.3,0.7,FOCUS
2.809,24.57,0.3,0.7,FOCUS
2.812,4.05,0.3,0.7,FOCUS
2.816,-22.67,0.3,0.7,FOCUS
2.820,-33.17,0.3,0.7,FOCUS
2.824,-42.19,0.3,0.7,FOCUS
2.828,-38.72,0.3,0.7,FOCUS
2.832,-35.27,0.3,0.7,FOCUS
2.836,-21.42,0.3,0.7,FOCUS
2.840,-4.11,0.3,0.7,FOCUS
2.844,15.37,0.3,0.7,FOCUS
2.848,27.85,0.3,0.7,FOCUS
2.852,25.72,0.3,0.7,FOCUS
2.855,16.30,0.3,0.7,FOCUS
2.859,11.57,0.3,0.7,FOCUS
2.863,-4.66,0.3,0.7,FOCUS
2.867,-23.51,0.3,0.7,FOCUS
2.871,-27.86,0.3,0.7,FOCUS
2.875,-22.28,0.3,0.7,FOCUS
2.879,-1.93,0.3,0.7,FOCUS
2.883,6.61,0.3,0.7,FOCUS
2.887,25.99,0.3,0.7,FOCUS
2.891,40.83,0.3,0.7,FOCUS
2.895,43.53,0.3,0.7,FOCUS
2.898,42.07,0.3,0.7,FOCUS
2.902,19.52,0.3,0.7,FOCUS
2.906,6.03,0.3,0.7,FOCUS
2.910,-18.46,0.3,0.7,FOCUS
2.914,-33.99,0.3,0.7,FOCUS
2.918,-54.90,0.3,0.7,FOCUS
2.922,-40.96,0.3,0.7,FOCUS
2.926,-32.82,0.3,0.7,FOCUS
2.930,-22.50,0.3,0.7,FOCUS
2.934,3.15,0.3,0.7,FOCUS
2.938,23.04,0.3,0.7,FOCUS
2.941,19.58,0.3,0.7,FOCUS
2.945,28.34,0.3,0.7,FOCUS
2.949,11.52,0.3,0.7,FOCUS
2.953,4.97,0.3,0.7,FOCUS
2.957,-9.99,0.3,0.7,FOCUS
2.961,-22.96,0.3,0.7,FOCUS
2.965,-21.90,0.3,0.7,FOCUS
2.969,-15.91,0.3,0.7,FOCUS
2.973,-7.80,0.3,0.7,FOCUS
2.977,12.54,0.3,0.7,FOCUS
2.980,25.70,0.3,0.7,FOCUS
2.984,40.05,0.3,0.7,FOCUS
2.988,41.22,0.3,0.7,FOCUS
2.992,38.89,0.3,0.7,FOCUS
2.996,23.27,0.3,0.7,FOCUS
3.000,2.65,0.3,0.7,FOCUS
3.004,-18.83,0.3,0.7,FOCUS
3.008,-36.12,0.3,0.7,FOCUS
3.012,-42.54,0.3,0.7,FOCUS
3.016,-36.41,0.3,0.7,FOCUS
3.020,-21.72,0.3,0.7,FOCUS
3.023,-11.70,0.3,0.7,FOCUS
3.027,-1.99,0.3,0.7,FOCUS
3.031,13.90,0.3,0.7,FOCUS
3.035,25.07,0.3,0.7,FOCUS
3.039,20.84,0.3,0.7,FOCUS
3.043,17.40,0.3,0.7,FOCUS
3.047,-4.32,0.3,0.7,FOCUS
3.051,-14.93,0.3,0.7,FOCUS
3.055,-25.72,0.3,0.7,FOCUS
3.059,-21.51,0.3,0.7,FOCUS
3.062,-11.73,0.3,0.7,FOCUS
3.066,-3.20,0.3,0.7,FOCUS
3.070,13.14,0.3,0.7,FOCUS
3.074,36.10,0.3,0.7,FOCUS
3.078,43.71,0.3,0.7,FOCUS
3.082,43.06,0.3,0.7,FOCUS
3.086,38.98,0.3,0.7,FOCUS
3.090,17.16,0.3,0.7,FOCUS
3.094,-4.74,0.3,0.7,FOCUS
3.098,-16.82,0.3,0.7,FOCUS
3.102,-41.37,0.3,0.7,FOCUS
3.105,-38.18,0.3,0.7,FOCUS
3.109,-42.39,0.3,0.7,FOCUS
3.113,-30.01,0.3,0.7,FOCUS
3.117,-9.46,0.3,0.7,FOCUS
3.121,4.50,0.3,0.7,FOCUS
3.125,14.39,0.3,0.7,FOCUS
3.129,25.22,0.3,0.7,FOCUS
3.133,20.30,0.3,0.7,FOCUS
3.137,5.27,0.3,0.7,FOCUS
3.141,-10.77,0.3,0.7,FOCUS
3.145,-23.69,0.3,0.7,FOCUS
3.148,-27.13,0.3,0.7,FOCUS
3.152,-26.97,0.3,0.7,FOCUS
3.156,-15.60,0.3,0.7,FOCUS
3.160,-3.68,0.3,0.7,FOCUS
3.164,23.05,0.3,0.7,FOCUS
3.168,44.40,0.3,0.7,FOCUS
3.172,45.99,0.3,0.7,FOCUS
3.176,48.87,0.3,0.7,FOCUS
3.180,39.93,0.3,0.7,FOCUS
3.184,19.32,0.3,0.7,FOCUS
3.188,-6.44,0.3,0.7,FOCUS
3.191,-30.83,0.3,0.7,FOCUS
3.195,-36.17,0.3,0.7,FOCUS
3.199,-43.65,0.3,0.7,FOCUS
3.203,-42.06,0.3,0.7,FOCUS
3.207,-22.09,0.3,0.7,FOCUS
3.211,-5.48,0.3,0.7,FOCUS
3.215,6.41,0.3,0.7,FOCUS
3.219,16.48,0.3,0.7,FOCUS
3.223,23.04,0.3,0.7,FOCUS
3.227,17.51,0.3,0.7,FOCUS
3.230,1.98,0.3,0.7,FOCUS
3.234,-13.35,0.3,0.7,FOCUS
3.238,-27.24,0.3,0.7,FOCUS
3.242,-26.67,0.3,0.7,FOCUS
3.246,-29.94,0.3,0.7,FOCUS
3.250,-16.08,0.3,0.7,FOCUS
3.254,-4.70,0.3,0.7,FOCUS
3.258,25.14,0.3,0.7,FOCUS
3.262,44.54,0.3,0.7,FOCUS
3.266,51.16,0.3,0.7,FOCUS
3.270,42.70,0.3,0.7,FOCUS
3.273,36.16,0.3,0.7,FOCUS
3.277,18.39,0.3,0.7,FOCUS
3.281,-7.74,0.3,0.7,FOCUS
3.285,-22.95,0.3,0.7,FOCUS
3.289,-34.56,0.3,0.7,FOCUS
3.293,-38.67,0.3,0.7,FOCUS
3.297,-31.10,0.3,0.7,FOCUS
3.301,-15.68,0.3,0.7,FOCUS
3.305,-3.24,0.3,0.7,FOCUS
3.309,13.03,0.3,0.7,FOCUS
3.312,18.99,0.3,0.7,FOCUS
3.316,20.50,0.3,0.7,FOCUS
3.320,12.96,0.3,0.7,FOCUS
3.324,-0.99,0.3,0.7,FOCUS
3.328,-16.54,0.3,0.7,FOCUS
3.332,-31.57,0.3,0.7,FOCUS
3.336,-32.91,0.3,0.7,FOCUS
3.340,-22.78,0.3,0.7,FOCUS
3.344,-17.43,0.3,0.7,FOCUS
3.348,5.14,0.3,0.7,FOCUS
3.352,28.23,0.3,0.7,FOCUS
3.355,43.62,0.3,0.7,FOCUS
3.359,49.53,0.3,0.7,FOCUS
3.363,44.94,0.3,0.7,FOCUS
3.367,34.57,0.3,0.7,FOCUS
3.371,15.00,0.3,0.7,FOCUS
3.375,-8.53,0.3,0.7,FOCUS
3.379,-25.63,0.3,0.7,FOCUS
3.383,-35.24,0.3,0.7,FOCUS
3.387,-40.58,0.3,0.7,FOCUS
3.391,-32.75,0.3,0.7,FOCUS
3.395,-19.86,0.3,0.7,FOCUS
3.398,0.16,0.3,0.7,FOCUS
3.402,11.94,0.3,0.7,FOCUS
3.406,16.81,0.3,0.7,FOCUS
3.410,12.71,0.3,0.7,FOCUS
3.414,7.71,0.3,0.7,FOCUS
3.418,-11.82,0.3,0.7,FOCUS
3.422,-13.28,0.3,0.7,FOCUS
3.426,-33.63,0.3,0.7,FOCUS
3.430,-25.63,0.3,0.7,FOCUS
3.434,-29.10,0.3,0.7,FOCUS
3.438,-6.65,0.3,0.7,FOCUS
3.441,12.98,0.3,0.7,FOCUS
3.445,31.05,0.3,0.7,FOCUS
3.449,40.78,0.3,0.7,FOCUS
3.453,48.24,0.3,0.7,FOCUS
3.457,46.06,0.3,0.7,FOCUS
3.461,35.76,0.3,0.7,FOCUS
3.465,4.04,0.3,0.7,FOCUS
3.469,-8.39,0.3,0.7,FOCUS
3.473,-26.44,0.3,0.7,FOCUS
3.477,-33.45,0.3,0.7,FOCUS
3.480,-37.07,0.3,0.7,FOCUS
3.484,-26.86,0.3,0.7,FOCUS
3.488,-4.40,0.3,0.7,FOCUS
3.492,7.81,0.3,0.7,FOCUS
3.496,15.76,0.3,0.7,FOCUS
3.500,13.34,0.3,0.7,FOCUS
3.504,17.63,0.3,0.7,FOCUS
3.508,-1.24,0.3,0.7,FOCUS
3.512,-9.71,0.3,0.7,FOCUS
3.516,-26.28,0.3,0.7,FOCUS
3.520,-37.48,0.3,0.7,FOCUS
3.523,-35.19,0.3,0.7,FOCUS
3.527,-29.18,0.3,0.7,FOCUS
3.531,-11.54,0.3,0.7,FOCUS
3.535,8.43,0.3,0.7,FOCUS
3.539,32.62,0.3,0.7,FOCUS
3.543,44.94,0.3,0.7,FOCUS
3.547,53.87,0.3,0.7,FOCUS
3.551,44.14,0.3,0.7,FOCUS
3.555,29.50,0.3,0.7,FOCUS
3.559,4.52,0.3,0.7,FOCUS
3.562,-13.08,0.3,0.7,FOCUS
3.566,-28.93,0.3,0.7,FOCUS
3.570,-35.32,0.3,0.7,FOCUS
3.574,-35.08,0.3,0.7,FOCUS
3.578,-26.62,0.3,0.7,FOCUS
3.582,-8.01,0.3,0.7,FOCUS
3.586,4.17,0.3,0.7,FOCUS
3.590,21.16,0.3,0.7,FOCUS
3.594,18.74,0.3,0.7,FOCUS
3.598,19.98,0.3,0.7,FOCUS
3.602,-2.26,0.3,0.7,FOCUS
3.605,-14.13,0.3,0.7,FOCUS
3.609,-28.70,0.3,0.7,FOCUS
3.613,-37.11,0.3,0.7,FOCUS
3.617,-30.45,0.3,0.7,FOCUS
3.621,-24.02,0.3,0.7,FOCUS
3.625,-7.33,0.3,0.7,FOCUS
3.629,13.48,0.3,0.7,FOCUS
3.633,32.59,0.3,0.7,FOCUS
3.637,52.43,0.3,0.7,FOCUS
3.641,51.02,0.3,0.7,FOCUS
3.645,38.00,0.3,0.7,FOCUS
3.648,22.66,0.3,0.7,FOCUS
3.652,6.12,0.3,0.7,FOCUS
3.656,-15.46,0.3,0.7,FOCUS
3.660,-22.26,0.3,0.7,FOCUS
3.664,-37.79,0.3,0.7,FOCUS
3.668,-36.02,0.3,0.7,FOCUS
3.672,-20.61,0.3,0.7,FOCUS
3.676,-8.21,0.3,0.7,FOCUS
3.680,10.44,0.3,0.7,FOCUS
3.684,20.51,0.3,0.7,FOCUS
3.688,15.10,0.3,0.7,FOCUS
3.691,15.11,0.3,0.7,FOCUS
3.695,-7.79,0.3,0.7,FOCUS
3.699,-18.42,0.3,0.7,FOCUS
3.703,-33.62,0.3,0.7,FOCUS
3.707,-46.78,0.3,0.7,FOCUS
3.711,-42.92,0.3,0.7,FOCUS
3.715,-25.88,0.3,0.7,FOCUS
3.719,-4.99,0.3,0.7,FOCUS
3.723,18.21,0.3,0.7,FOCUS
3.727,34.23,0.3,0.7,FOCUS
3.730,43.27,0.3,0.7,FOCUS
3.734,47.00,0.3,0.7,FOCUS
3.738,40.07,0.3,0.7,FOCUS
3.742,22.37,0.3,0.7,FOCUS
3.746,2.63,0.3,0.7,FOCUS
3.750,-17.47,0.3,0.7,FOCUS
3.754,-27.85,0.3,0.7,FOCUS
3.758,-29.41,0.3,0.7,FOCUS
3.762,-25.10,0.3,0.7,FOCUS
3.766,-10.78,0.3,0.7,FOCUS
3.770,0.41,0.3,0.7,FOCUS
3.773,20.07,0.3,0.7,FOCUS
3.777,16.60,0.3,0.7,FOCUS
3.781,16.35,0.3,0.7,FOCUS
3.785,10.70,0.3,0.7,FOCUS
3.789,-7.36,0.3,0.7,FOCUS
3.793,-25.89,0.3,0.7,FOCUS
3.797,-35.11,0.3,0.7,FOCUS
3.801,-43.53,0.3,0.7,FOCUS
3.805,-38.83,0.3,0.7,FOCUS
3.809,-23.30,0.3,0.7,FOCUS
3.812,-2.73,0.3,0.7,FOCUS
3.816,18.24,0.3,0.7,FOCUS
3.820,34.28,0.3,0.7,FOCUS
3.824,43.92,0.3,0.7,FOCUS
3.828,44.93,0.3,0.7,FOCUS
3.832,44.49,0.3,0.7,FOCUS
3.836,19.65,0.3,0.7,FOCUS
3.840,-1.62,0.3,0.7,FOCUS
3.844,-17.51,0.3,0.7,FOCUS
3.848,-25.28,0.3,0.7,FOCUS
3.852,-26.32,0.3,0.7,FOCUS
3.855,-20.39,0.3,0.7,FOCUS
3.859,-8.39,0.3,0.7,FOCUS
3.863,3.78,0.3,0.7,FOCUS
3.867,20.08,0.3,0.7,FOCUS
3.871,25.11,0.3,0.7,FOCUS
3.875,18.54,0.3,0.7,FOCUS
3.879,1.64,0.3,0.7,FOCUS
3.883,-8.23,0.3,0.7,FOCUS
3.887,-26.07,0.3,0.7,FOCUS
3.891,-37.76,0.3,0.7,FOCUS
3.895,-43.62,0.3,0.7,FOCUS
3.898,-36.56,0.3,0.7,FOCUS
3.902,-23.93,0.3,0.7,FOCUS
3.906,-5.35,0.3,0.7,FOCUS
3.910,20.20,0.3,0.7,FOCUS
3.914,37.07,0.3,0.7,FOCUS
3.918,46.73,0.3,0.7,FOCUS
3.922,47.98,0.3,0.7,FOCUS
3.926,32.69,0.3,0.7,FOCUS
3.930,18.51,0.3,0.7,FOCUS
3.934,2.37,0.3,0.7,FOCUS
3.938,-21.69,0.3,0.7,FOCUS
3.941,-26.26,0.3,0.7,FOCUS
3.945,-25.05,0.3,0.7,FOCUS
3.949,-16.72,0.3,0.7,FOCUS
3.953,-2.41,0.3,0.7,FOCUS
3.957,10.93,0.3,0.7,FOCUS
3.961,25.10,0.3,0.7,FOCUS
3.965,22.72,0.3,0.7,FOCUS
3.969,17.37,0.3,0.7,FOCUS
3.973,14.14,0.3,0.7,FOCUS
3.977,-16.22,0.3,0.7,FOCUS
3.980,-30.62,0.3,0.7,FOCUS
3.984,-43.65,0.3,0.7,FOCUS
3.988,-47.82,0.3,0.7,FOCUS
3.992,-34.97,0.3,0.7,FOCUS
3.996,-24.99,0.3,0.7,FOCUS
4.000,-0.08,0.3,0.7,FOCUS
4.004,22.61,0.3,0.7,FOCUS
4.008,38.29,0.3,0.7,FOCUS
4.012,45.70,0.3,0.7,FOCUS
4.016,41.73,0.3,0.7,FOCUS
4.020,27.26,0.3,0.7,FOCUS
4.023,9.42,0.3,0.7,FOCUS
4.027,1.38,0.3,0.7,FOCUS
4.031,-17.63,0.3,0.7,FOCUS
4.035,-26.13,0.3,0.7,FOCUS
4.039,-20.72,0.3,0.7,FOCUS
4.043,-11.65,0.3,0.7,FOCUS
4.047,-0.44,0.3,0.7,FOCUS
4.051,14.80,0.3,0.7,FOCUS
4.055,21.72,0.3,0.7,FOCUS
4.059,24.15,0.3,0.7,FOCUS
4.062,16.87,0.3,0.7,FOCUS
4.066,-2.38,0.3,0.7,FOCUS
4.070,-16.42,0.3,0.7,FOCUS
4.074,-36.37,0.3,0.7,FOCUS
4.078,-43.65,0.3,0.7,FOCUS
4.082,-51.65,0.3,0.7,FOCUS
4.086,-34.62,0.3,0.7,FOCUS
4.090,-20.36,0.3,0.7,FOCUS
4.094,4.46,0.3,0.7,FOCUS
4.098,21.64,0.3,0.7,FOCUS
4.102,36.04,0.3,0.7,FOCUS
4.105,44.37,0.3,0.7,FOCUS
4.109,38.59,0.3,0.7,FOCUS
4.113,20.61,0.3,0.7,FOCUS
4.117,11.18,0.3,0.7,FOCUS
4.121,-4.70,0.3,0.7,FOCUS
4.125,-22.50,0.3,0.7,FOCUS
4.129,-20.84,0.3,0.7,FOCUS
4.133,-22.19,0.3,0.7,FOCUS
4.137,-10.49,0.3,0.7,FOCUS
4.141,6.89,0.3,0.7,FOCUS
4.145,20.29,0.3,0.7,FOCUS
4.148,27.77,0.3,0.7,FOCUS
4.152,28.61,0.3,0.7,FOCUS
4.156,18.46,0.3,0.7,FOCUS
4.160,2.06,0.3,0.7,FOCUS
4.164,-20.63,0.3,0.7,FOCUS
4.168,-34.88,0.3,0.7,FOCUS
4.172,-45.59,0.3,0.7,FOCUS
4.176,-47.66,0.3,0.7,FOCUS
4.180,-35.15,0.3,0.7,FOCUS
4.184,-11.48,0.3,0.7,FOCUS
4.188,2.77,0.3,0.7,FOCUS
4.191,26.15,0.3,0.7,FOCUS
4.195,39.87,0.3,0.7,FOCUS
4.199,42.14,0.3,0.7,FOCUS
4.203,37.69,0.3,0.7,FOCUS
4.207,23.02,0.3,0.7,FOCUS
4.211,-4.28,0.3,0.7,FOCUS
4.215,-5.46,0.3,0.7,FOCUS
4.219,-13.65,0.3,0.7,FOCUS
4.223,-19.84,0.3,0.7,FOCUS
4.227,-12.62,0.3,0.7,FOCUS
4.230,-0.92,0.3,0.7,FOCUS
4.234,7.42,0.3,0.7,FOCUS
4.238,26.39,0.3,0.7,FOCUS
4.242,31.38,0.3,0.7,FOCUS
4.246,25.84,0.3,0.7,FOCUS
4.250,17.82,0.3,0.7,FOCUS
4.254,-6.29,0.3,0.7,FOCUS
4.258,-25.22,0.3,0.7,FOCUS
4.262,-43.53,0.3,0.7,FOCUS
4.266,-46.51,0.3,0.7,FOCUS
4.270,-46.60,0.3,0.7,FOCUS
4.273,-36.73,0.3,0.7,FOCUS
4.277,-12.04,0.3,0.7,FOCUS
4.281,10.23,0.3,0.7,FOCUS
4.285,22.66,0.3,0.7,FOCUS
4.289,34.80,0.3,0.7,FOCUS
4.293,38.48,0.3,0.7,FOCUS
4.297,30.44,0.3,0.7,FOCUS
4.301,26.94,0.3,0.7,FOCUS
4.305,6.96,0.3,0.7,FOCUS
4.309,-12.07,0.3,0.7,FOCUS
4.312,-21.16,0.3,0.7,FOCUS
4.316,-21.29,0.3,0.7,FOCUS
4.320,-13.19,0.3,0.7,FOCUS
4.324,-1.67,0.3,0.7,FOCUS
4.328,17.97,0.3,0.7,FOCUS
4.332,23.77,0.3,0.7,FOCUS
4.336,30.44,0.3,0.7,FOCUS
4.340,27.10,0.3,0.7,FOCUS
4.344,5.82,0.3,0.7,FOCUS
4.348,-5.97,0.3,0.7,FOCUS
4.352,-22.29,0.3,0.7,FOCUS
4.355,-43.58,0.3,0.7,FOCUS
4.359,-48.94,0.3,0.7,FOCUS
4.363,-47.30,0.3,0.7,FOCUS
4.367,-34.12,0.3,0.7,FOCUS
4.371,-12.44,0.3,0.7,FOCUS
4.375,4.45,0.3,0.7,FOCUS
4.379,23.46,0.3,0.7,FOCUS
4.383,31.71,0.3,0.7,FOCUS
4.387,38.15,0.3,0.7,FOCUS
4.391,26.38,0.3,0.7,FOCUS
4.395,13.19,0.3,0.7,FOCUS
4.398,2.84,0.3,0.7,FOCUS
4.402,-10.84,0.3,0.7,FOCUS
4.406,-19.64,0.3,0.7,FOCUS
4.410,-19.43,0.3,0.7,FOCUS
4.414,-7.05,0.3,0.7,FOCUS
4.418,9.55,0.3,0.7,FOCUS
4.422,17.78,0.3,0.7,FOCUS
4.426,32.35,0.3,0.7,FOCUS
4.430,27.84,0.3,0.7,FOCUS
4.434,29.22,0.3,0.7,FOCUS
4.438,11.45,0.3,0.7,FOCUS
4.441,-10.39,0.3,0.7,FOCUS
4.445,-28.76,0.3,0.7,FOCUS
4.449,-45.18,0.3,0.7,FOCUS
4.453,-49.90,0.3,0.7,FOCUS
4.457,-49.59,0.3,0.7,FOCUS
4.461,-34.28,0.3,0.7,FOCUS
4.465,-13.68,0.3,0.7,FOCUS
4.469,12.53,0.3,0.7,FOCUS
4.473,27.77,0.3,0.7,FOCUS
4.477,32.46,0.3,0.7,FOCUS
4.480,38.38,0.3,0.7,FOCUS
4.484,23.83,0.3,0.7,FOCUS
4.488,12.24,0.3,0.7,FOCUS
4.492,-3.01,0.3,0.7,FOCUS
4.496,-16.45,0.3,0.7,FOCUS
4.500,-22.90,0.3,0.7,FOCUS
4.504,-16.85,0.3,0.7,FOCUS
4.508,-9.26,0.3,0.7,FOCUS
4.512,14.40,0.3,0.7,FOCUS
4.516,26.06,0.3,0.7,FOCUS
4.520,33.84,0.3,0.7,FOCUS
4.523,35.26,0.3,0.7,FOCUS
4.527,26.38,0.3,0.7,FOCUS
4.531,6.00,0.3,0.7,FOCUS
4.535,-11.69,0.3,0.7,FOCUS
4.539,-28.60,0.3,0.7,FOCUS
4.543,-41.91,0.3,0.7,FOCUS
4.547,-50.87,0.3,0.7,FOCUS
4.551,-44.73,0.3,0.7,FOCUS
4.555,-26.56,0.3,0.7,FOCUS
4.559,-12.16,0.3,0.7,FOCUS
4.562,12.76,0.3,0.7,FOCUS
4.566,31.98,0.3,0.7,FOCUS
4.570,31.03,0.3,0.7,FOCUS
4.574,30.53,0.3,0.7,FOCUS
4.578,25.48,0.3,0.7,FOCUS
4.582,12.25,0.3,0.7,FOCUS
4.586,-9.88,0.3,0.7,FOCUS
4.590,-16.52,0.3,0.7,FOCUS
4.594,-15.24,0.3,0.7,FOCUS
4.598,-10.02,0.3,0.7,FOCUS
4.602,0.27,0.3,0.7,FOCUS
4.605,13.66,0.3,0.7,FOCUS
4.609,32.30,0.3,0.7,FOCUS
4.613,38.37,0.3,0.7,FOCUS
4.617,37.78,0.3,0.7,FOCUS
4.621,26.14,0.3,0.7,FOCUS
4.625,11.21,0.3,0.7,FOCUS
4.629,-13.61,0.3,0.7,FOCUS
4.633,-33.96,0.3,0.7,FOCUS
4.637,-45.53,0.3,0.7,FOCUS
4.641,-53.06,0.3,0.7,FOCUS
4.645,-40.24,0.3,0.7,FOCUS
4.648,-26.50,0.3,0.7,FOCUS
4.652,-3.95,0.3,0.7,FOCUS
4.656,15.40,0.3,0.7,FOCUS
4.660,26.30,0.3,0.7,FOCUS
4.664,33.07,0.3,0.7,FOCUS
4.668,30.47,0.3,0.7,FOCUS
4.672,11.77,0.3,0.7,FOCUS
4.676,7.10,0.3,0.7,FOCUS
4.680,-11.03,0.3,0.7,FOCUS
4.684,-20.31,0.3,0.7,FOCUS
4.688,-18.06,0.3,0.7,FOCUS
4.691,-12.55,0.3,0.7,FOCUS
4.695,0.11,0.3,0.7,FOCUS
4.699,15.84,0.3,0.7,FOCUS
4.703,34.16,0.3,0.7,FOCUS
4.707,37.29,0.3,0.7,FOCUS
4.711,37.93,0.3,0.7,FOCUS
4.715,19.86,0.3,0.7,FOCUS
4.719,5.42,0.3,0.7,FOCUS
4.723,-11.59,0.3,0.7,FOCUS
4.727,-33.24,0.3,0.7,FOCUS
4.730,-47.90,0.3,0.7,FOCUS
4.734,-46.87,0.3,0.7,FOCUS
4.738,-40.50,0.3,0.7,FOCUS
4.742,-22.66,0.3,0.7,FOCUS
4.746,-2.29,0.3,0.7,FOCUS
4.750,16.14,0.3,0.7,FOCUS
4.754,25.82,0.3,0.7,FOCUS
4.758,30.80,0.3,0.7,FOCUS
4.762,24.55,0.3,0.7,FOCUS
4.766,15.91,0.3,0.7,FOCUS
4.770,-0.16,0.3,0.7,FOCUS
4.773,-12.40,0.3,0.7,FOCUS
4.777,-25.70,0.3,0.7,FOCUS
4.781,-19.32,0.3,0.7,FOCUS
4.785,-12.89,0.3,0.7,FOCUS
4.789,3.61,0.3,0.7,FOCUS
4.793,20.30,0.3,0.7,FOCUS
4.797,34.71,0.3,0.7,FOCUS
4.801,43.42,0.3,0.7,FOCUS
4.805,38.66,0.3,0.7,FOCUS
4.809,22.35,0.3,0.7,FOCUS
4.812,1.70,0.3,0.7,FOCUS
4.816,-16.36,0.3,0.7,FOCUS
4.820,-29.93,0.3,0.7,FOCUS
4.824,-46.66,0.3,0.7,FOCUS
4.828,-49.81,0.3,0.7,FOCUS
4.832,-32.23,0.3,0.7,FOCUS
4.836,-23.32,0.3,0.7,FOCUS
4.840,-3.55,0.3,0.7,FOCUS
4.844,13.29,0.3,0.7,FOCUS
4.848,26.03,0.3,0.7,FOCUS
4.852,29.40,0.3,0.7,FOCUS
4.855,16.71,0.3,0.7,FOCUS
4.859,5.55,0.3,0.7,FOCUS
4.863,-3.87,0.3,0.7,FOCUS
4.867,-17.98,0.3,0.7,FOCUS
4.871,-24.32,0.3,0.7,FOCUS
4.875,-19.38,0.3,0.7,FOCUS
4.879,-3.13,0.3,0.7,FOCUS
4.883,6.57,0.3,0.7,FOCUS
4.887,26.97,0.3,0.7,FOCUS
4.891,41.71,0.3,0.7,FOCUS
4.895,45.80,0.3,0.7,FOCUS
4.898,36.58,0.3,0.7,FOCUS
4.902,23.19,0.3,0.7,FOCUS
4.906,4.82,0.3,0.7,FOCUS
4.910,-16.19,0.3,0.7,FOCUS
4.914,-36.54,0.3,0.7,FOCUS
4.918,-48.51,0.3,0.7,FOCUS
4.922,-44.61,0.3,0.7,FOCUS
4.926,-36.98,0.3,0.7,FOCUS
4.930,-17.72,0.3,0.7,FOCUS
4.934,0.85,0.3,0.7,FOCUS
4.938,14.30,0.3,0.7,FOCUS
4.941,24.70,0.3,0.7,FOCUS
4.945,21.61,0.3,0.7,FOCUS
4.949,13.12,0.3,0.7,FOCUS
4.953,1.24,0.3,0.7,FOCUS
4.957,-16.52,0.3,0.7,FOCUS
4.961,-17.58,0.3,0.7,FOCUS
4.965,-21.94,0.3,0.7,FOCUS
4.969,-20.27,0.3,0.7,FOCUS
4.973,-3.48,0.3,0.7,FOCUS
4.977,11.51,0.3,0.7,FOCUS
4.980,33.10,0.3,0.7,FOCUS
4.984,44.86,0.3,0.7,FOCUS
4.988,48.24,0.3,0.7,FOCUS
4.992,35.66,0.3,0.7,FOCUS
4.996,24.33,0.3,0.7,FOCUS
5.000,0.94,0.7,0.3,RELAX
5.004,-13.45,0.7,0.3,RELAX
5.008,-36.09,0.7,0.3,RELAX
5.012,-49.48,0.7,0.3,RELAX
5.016,-58.16,0.7,0.3,RELAX
5.020,-48.52,0.7,0.3,RELAX
5.023,-41.92,0.7,0.3,RELAX
5.027,-38.23,0.7,0.3,RELAX
5.031,-23.19,0.7,0.3,RELAX
5.035,-20.02,0.7,0.3,RELAX
5.039,-15.92,0.7,0.3,RELAX
5.043,-11.39,0.7,0.3,RELAX
5.047,2.68,0.7,0.3,RELAX
5.051,-0.23,0.7,0.3,RELAX
5.055,9.42,0.7,0.3,RELAX
5.059,13.42,0.7,0.3,RELAX
5.062,27.64,0.7,0.3,RELAX
5.066,34.69,0.7,0.3,RELAX
5.070,48.92,0.7,0.3,RELAX
5.074,44.66,0.7,0.3,RELAX
5.078,55.52,0.7,0.3,RELAX
5.082,48.59,0.7,0.3,RELAX
5.086,39.87,0.7,0.3,RELAX
5.090,24.28,0.7,0.3,RELAX
5.094,3.08,0.7,0.3,RELAX
5.098,-19.37,0.7,0.3,RELAX
5.102,-28.44,0.7,0.3,RELAX
5.105,-43.76,0.7,0.3,RELAX
5.109,-44.41,0.7,0.3,RELAX
5.113,-42.65,0.7,0.3,RELAX
5.117,-50.14,0.7,0.3,RELAX
5.121,-38.99,0.7,0.3,RELAX
5.125,-25.42,0.7,0.3,RELAX
5.129,-23.97,0.7,0.3,RELAX
5.133,-17.87,0.7,0.3,RELAX
5.137,-8.19,0.7,0.3,RELAX
5.141,-6.44,0.7,0.3,RELAX
5.145,-8.53,0.7,0.3,RELAX
5.148,-1.55,0.7,0.3,RELAX
5.152,10.86,0.7,0.3,RELAX
5.156,23.78,0.7,0.3,RELAX
5.160,33.57,0.7,0.3,RELAX
5.164,52.06,0.7,0.3,RELAX
5.168,51.58,0.7,0.3,RELAX
5.172,59.82,0.7,0.3,RELAX
5.176,55.23,0.7,0.3,RELAX
5.180,39.95,0.7,0.3,RELAX
5.184,17.71,0.7,0.3,RELAX
5.188,7.64,0.7,0.3,RELAX
5.191,-16.03,0.7,0.3,RELAX
5.195,-28.52,0.7,0.3,RELAX
5.199,-42.13,0.7,0.3,RELAX
5.203,-50.30,0.7,0.3,RELAX
5.207,-45.38,0.7,0.3,RELAX
5.211,-40.51,0.7,0.3,RELAX
5.215,-33.83,0.7,0.3,RELAX
5.219,-31.91,0.7,0.3,RELAX
5.223,-17.92,0.7,0.3,RELAX
5.227,-22.05,0.7,0.3,RELAX
5.230,-18.05,0.7,0.3,RELAX
5.234,-15.12,0.7,0.3,RELAX
5.238,-5.06,0.7,0.3,RELAX
5.242,-0.68,0.7,0.3,RELAX
5.246,10.97,0.7,0.3,RELAX
5.250,18.15,0.7,0.3,RELAX
5.254,31.63,0.7,0.3,RELAX
5.258,49.30,0.7,0.3,RELAX
5.262,58.03,0.7,0.3,RELAX
5.266,60.10,0.7,0.3,RELAX
5.270,54.06,0.7,0.3,RELAX
5.273,43.52,0.7,0.3,RELAX
5.277,22.42,0.7,0.3,RELAX
5.281,5.45,0.7,0.3,RELAX
5.285,-8.25,0.7,0.3,RELAX
5.289,-19.43,0.7,0.3,RELAX
5.293,-29.70,0.7,0.3,RELAX
5.297,-39.21,0.7,0.3,RELAX
5.301,-36.99,0.7,0.3,RELAX
5.305,-38.79,0.7,0.3,RELAX
5.309,-35.57,0.7,0.3,RELAX
5.312,-30.95,0.7,0.3,RELAX
5.316,-29.21,0.7,0.3,RELAX
5.320,-27.69,0.7,0.3,RELAX
5.324,-25.06,0.7,0.3,RELAX
5.328,-21.10,0.7,0.3,RELAX
5.332,-12.44,0.7,0.3,RELAX
5.336,-12.50,0.7,0.3,RELAX
5.340,5.01,0.7,0.3,RELAX
5.344,22.15,0.7,0.3,RELAX
5.348,33.36,0.7,0.3,RELAX
5.352,44.36,0.7,0.3,RELAX
5.355,52.81,0.7,0.3,RELAX
5.359,56.63,0.7,0.3,RELAX
5.363,58.99,0.7,0.3,RELAX
5.367,50.05,0.7,0.3,RELAX
5.371,27.45,0.7,0.3,RELAX
5.375,13.10,0.7,0.3,RELAX
5.379,-7.10,0.7,0.3,RELAX
5.383,-19.03,0.7,0.3,RELAX
5.387,-25.69,0.7,0.3,RELAX
5.391,-30.63,0.7,0.3,RELAX
5.395,-28.35,0.7,0.3,RELAX
5.398,-37.07,0.7,0.3,RELAX
5.402,-33.10,0.7,0.3,RELAX
5.406,-26.85,0.7,0.3,RELAX
5.410,-24.91,0.7,0.3,RELAX
5.414,-23.11,0.7,0.3,RELAX
5.418,-29.08,0.7,0.3,RELAX
5.422,-19.35,0.7,0.3,RELAX
5.426,-20.20,0.7,0.3,RELAX
5.430,-19.53,0.7,0.3,RELAX
5.434,-0.49,0.7,0.3,RELAX
5.438,22.65,0.7,0.3,RELAX
5.441,33.42,0.7,0.3,RELAX
5.445,48.79,0.7,0.3,RELAX
5.449,62.49,0.7,0.3,RELAX
5.453,61.50,0.7,0.3,RELAX
5.457,55.87,0.7,0.3,RELAX
5.461,43.29,0.7,0.3,RELAX
5.465,38.53,0.7,0.3,RELAX
5.469,10.82,0.7,0.3,RELAX
5.473,-6.19,0.7,0.3,RELAX
5.477,-16.06,0.7,0.3,RELAX
5.480,-24.03,0.7,0.3,RELAX
5.484,-33.84,0.7,0.3,RELAX
5.488,-34.76,0.7,0.3,RELAX
5.492,-27.20,0.7,0.3,RELAX
5.496,-30.94,0.7,0.3,RELAX
5.500,-23.64,0.7,0.3,RELAX
5.504,-28.61,0.7,0.3,RELAX
5.508,-26.30,0.7,0.3,RELAX
5.512,-33.52,0.7,0.3,RELAX
5.516,-32.90,0.7,0.3,RELAX
5.520,-27.99,0.7,0.3,RELAX
5.523,-17.74,0.7,0.3,RELAX
5.527,-0.52,0.7,0.3,RELAX
5.531,22.45,0.7,0.3,RELAX
5.535,32.63,0.7,0.3,RELAX
5.539,43.37,0.7,0.3,RELAX
5.543,52.79,0.7,0.3,RELAX
5.547,59.21,0.7,0.3,RELAX
5.551,59.52,0.7,0.3,RELAX
5.555,45.85,0.7,0.3,RELAX
5.559,28.83,0.7,0.3,RELAX
5.562,21.44,0.7,0.3,RELAX
5.566,0.54,0.7,0.3,RELAX
5.570,-6.63,0.7,0.3,RELAX
5.574,-19.91,0.7,0.3,RELAX
5.578,-23.91,0.7,0.3,RELAX
5.582,-31.04,0.7,0.3,RELAX
5.586,-33.76,0.7,0.3,RELAX
5.590,-30.15,0.7,0.3,RELAX
5.594,-31.48,0.7,0.3,RELAX
5.598,-22.77,0.7,0.3,RELAX
5.602,-33.46,0.7,0.3,RELAX
5.605,-36.27,0.7,0.3,RELAX
5.609,-32.13,0.7,0.3,RELAX
5.613,-29.28,0.7,0.3,RELAX
5.617,-18.32,0.7,0.3,RELAX
5.621,-6.02,0.7,0.3,RELAX
5.625,11.00,0.7,0.3,RELAX
5.629,33.75,0.7,0.3,RELAX
5.633,42.03,0.7,0.3,RELAX
5.637,54.19,0.7,0.3,RELAX
5.641,58.33,0.7,0.3,RELAX
5.645,52.98,0.7,0.3,RELAX
5.648,47.28,0.7,0.3,RELAX
5.652,35.30,0.7,0.3,RELAX
5.656,21.45,0.7,0.3,RELAX
5.660,2.25,0.7,0.3,RELAX
5.664,-5.34,0.7,0.3,RELAX
5.668,-17.23,0.7,0.3,RELAX
5.672,-18.77,0.7,0.3,RELAX
5.676,-23.36,0.7,0.3,RELAX
5.680,-22.07,0.7,0.3,RELAX
5.684,-27.19,0.7,0.3,RELAX
5.688,-29.66,0.7,0.3,RELAX
5.691,-37.20,0.7,0.3,RELAX
5.695,-37.85,0.7,0.3,RELAX
5.699,-41.39,0.7,0.3,RELAX
5.703,-42.00,0.7,0.3,RELAX
5.707,-37.47,0.7,0.3,RELAX
5.711,-25.54,0.7,0.3,RELAX
5.715,-7.00,0.7,0.3,RELAX
5.719,3.36,0.7,0.3,RELAX
5.723,28.28,0.7,0.3,RELAX
5.727,42.86,0.7,0.3,RELAX
5.730,56.63,0.7,0.3,RELAX
5.734,59.56,0.7,0.3,RELAX
5.738,55.42,0.7,0.3,RELAX
5.742,45.30,0.7,0.3,RELAX
5.746,38.49,0.7,0.3,RELAX
5.750,18.44,0.7,0.3,RELAX
5.754,5.28,0.7,0.3,RELAX
5.758,-5.76,0.7,0.3,RELAX
5.762,-9.95,0.7,0.3,RELAX
5.766,-15.35,0.7,0.3,RELAX
5.770,-15.44,0.7,0.3,RELAX
5.773,-20.00,0.7,0.3,RELAX
5.777,-24.08,0.7,0.3,RELAX
5.781,-27.41,0.7,0.3,RELAX
5.785,-32.67,0.7,0.3,RELAX
5.789,-43.43,0.7,0.3,RELAX
5.793,-41.39,0.7,0.3,RELAX
5.797,-41.95,0.7,0.3,RELAX
5.801,-32.52,0.7,0.3,RELAX
5.805,-28.85,0.7,0.3,RELAX
5.809,-16.37,0.7,0.3,RELAX
5.812,5.82,0.7,0.3,RELAX
5.816,20.72,0.7,0.3,RELAX
5.820,39.21,0.7,0.3,RELAX
5.824,46.52,0.7,0.3,RELAX
5.828,51.39,0.7,0.3,RELAX
5.832,55.31,0.7,0.3,RELAX
5.836,47.44,0.7,0.3,RELAX
5.840,34.21,0.7,0.3,RELAX
5.844,21.83,0.7,0.3,RELAX
5.848,10.81,0.7,0.3,RELAX
5.852,1.62,0.7,0.3,RELAX
5.855,-2.73,0.7,0.3,RELAX
5.859,-7.86,0.7,0.3,RELAX
5.863,-13.32,0.7,0.3,RELAX
5.867,-18.70,0.7,0.3,RELAX
5.871,-23.05,0.7,0.3,RELAX
5.875,-33.56,0.7,0.3,RELAX
5.879,-39.76,0.7,0.3,RELAX
5.883,-43.99,0.7,0.3,RELAX
5.887,-46.89,0.7,0.3,RELAX
5.891,-54.37,0.7,0.3,RELAX
5.895,-41.14,0.7,0.3,RELAX
5.898,-37.51,0.7,0.3,RELAX
5.902,-13.85,0.7,0.3,RELAX
5.906,-0.29,0.7,0.3,RELAX
5.910,21.99,0.7,0.3,RELAX
5.914,40.67,0.7,0.3,RELAX
5.918,46.28,0.7,0.3,RELAX
5.922,53.30,0.7,0.3,RELAX
5.926,53.87,0.7,0.3,RELAX
5.930,51.65,0.7,0.3,RELAX
5.934,35.21,0.7,0.3,RELAX
5.938,23.48,0.7,0.3,RELAX
5.941,13.27,0.7,0.3,RELAX
5.945,6.48,0.7,0.3,RELAX
5.949,-1.23,0.7,0.3,RELAX
5.953,-5.76,0.7,0.3,RELAX
5.957,-6.40,0.7,0.3,RELAX
5.961,-7.76,0.7,0.3,RELAX
5.965,-17.31,0.7,0.3,RELAX
5.969,-25.62,0.7,0.3,RELAX
5.973,-41.45,0.7,0.3,RELAX
5.977,-43.59,0.7,0.3,RELAX
5.980,-49.16,0.7,0.3,RELAX
5.984,-48.49,0.7,0.3,RELAX
5.988,-41.21,0.7,0.3,RELAX
5.992,-37.92,0.7,0.3,RELAX
5.996,-13.96,0.7,0.3,RELAX
6.000,-6.05,0.7,0.3,RELAX
6.004,22.54,0.7,0.3,RELAX
6.008,33.00,0.7,0.3,RELAX
6.012,41.91,0.7,0.3,RELAX
6.016,51.26,0.7,0.3,RELAX
6.020,52.29,0.7,0.3,RELAX
6.023,49.30,0.7,0.3,RELAX
6.027,39.10,0.7,0.3,RELAX
6.031,24.60,0.7,0.3,RELAX
6.035,19.81,0.7,0.3,RELAX
6.039,13.36,0.7,0.3,RELAX
6.043,4.21,0.7,0.3,RELAX
6.047,5.83,0.7,0.3,RELAX
6.051,3.72,0.7,0.3,RELAX
6.055,-7.13,0.7,0.3,RELAX
6.059,-17.49,0.7,0.3,RELAX
6.062,-25.26,0.7,0.3,RELAX
6.066,-39.57,0.7,0.3,RELAX
6.070,-49.00,0.7,0.3,RELAX
6.074,-51.24,0.7,0.3,RELAX
6.078,-55.03,0.7,0.3,RELAX
6.082,-44.26,0.7,0.3,RELAX
6.086,-34.99,0.7,0.3,RELAX
6.090,-21.05,0.7,0.3,RELAX
6.094,-7.89,0.7,0.3,RELAX
6.098,14.03,0.7,0.3,RELAX
6.102,31.53,0.7,0.3,RELAX
6.105,42.49,0.7,0.3,RELAX
6.109,40.77,0.7,0.3,RELAX
6.113,53.68,0.7,0.3,RELAX
6.117,45.33,0.7,0.3,RELAX
6.121,38.10,0.7,0.3,RELAX
6.125,26.34,0.7,0.3,RELAX
6.129,24.22,0.7,0.3,RELAX
6.133,15.95,0.7,0.3,RELAX
6.137,10.46,0.7,0.3,RELAX
6.141,10.46,0.7,0.3,RELAX
6.145,2.28,0.7,0.3,RELAX
6.148,3.72,0.7,0.3,RELAX
6.152,-12.75,0.7,0.3,RELAX
6.156,-24.12,0.7,0.3,RELAX
6.160,-35.83,0.7,0.3,RELAX
6.164,-42.13,0.7,0.3,RELAX
6.168,-57.26,0.7,0.3,RELAX
6.172,-58.69,0.7,0.3,RELAX
6.176,-52.60,0.7,0.3,RELAX
6.180,-45.60,0.7,0.3,RELAX
6.184,-26.83,0.7,0.3,RELAX
6.188,-8.25,0.7,0.3,RELAX
6.191,17.55,0.7,0.3,RELAX
6.195,29.33,0.7,0.3,RELAX
6.199,43.48,0.7,0.3,RELAX
6.203,46.94,0.7,0.3,RELAX
6.207,44.71,0.7,0.3,RELAX
6.211,45.72,0.7,0.3,RELAX
6.215,36.22,0.7,0.3,RELAX
6.219,29.27,0.7,0.3,RELAX
6.223,21.72,0.7,0.3,RELAX
6.227,20.07,0.7,0.3,RELAX
6.230,16.84,0.7,0.3,RELAX
6.234,20.99,0.7,0.3,RELAX
6.238,5.88,0.7,0.3,RELAX
6.242,3.59,0.7,0.3,RELAX
6.246,-7.70,0.7,0.3,RELAX
6.250,-23.77,0.7,0.3,RELAX
6.254,-34.85,0.7,0.3,RELAX
6.258,-53.48,0.7,0.3,RELAX
6.262,-59.28,0.7,0.3,RELAX
6.266,-58.59,0.7,0.3,RELAX
6.270,-53.45,0.7,0.3,RELAX
6.273,-38.58,0.7,0.3,RELAX
6.277,-26.30,0.7,0.3,RELAX
6.281,-9.28,0.7,0.3,RELAX
6.285,9.84,0.7,0.3,RELAX
6.289,22.71,0.7,0.3,RELAX
6.293,33.80,0.7,0.3,RELAX
6.297,43.03,0.7,0.3,RELAX
6.301,42.11,0.7,0.3,RELAX
6.305,39.00,0.7,0.3,RELAX
6.309,31.71,0.7,0.3,RELAX
6.312,29.43,0.7,0.3,RELAX
6.316,23.28,0.7,0.3,RELAX
6.320,21.73,0.7,0.3,RELAX
6.324,20.41,0.7,0.3,RELAX
6.328,23.64,0.7,0.3,RELAX
6.332,13.92,0.7,0.3,RELAX
6.336,11.54,0.7,0.3,RELAX
6.340,-4.50,0.7,0.3,RELAX
6.344,-25.10,0.7,0.3,RELAX
6.348,-33.07,0.7,0.3,RELAX
6.352,-45.20,0.7,0.3,RELAX
6.355,-55.98,0.7,0.3,RELAX
6.359,-58.39,0.7,0.3,RELAX
6.363,-54.19,0.7,0.3,RELAX
6.367,-40.83,0.7,0.3,RELAX
6.371,-30.00,0.7,0.3,RELAX
6.375,-18.12,0.7,0.3,RELAX
6.379,10.06,0.7,0.3,RELAX
6.383,18.80,0.7,0.3,RELAX
6.387,28.67,0.7,0.3,RELAX
6.391,40.75,0.7,0.3,RELAX
6.395,37.43,0.7,0.3,RELAX
6.398,31.59,0.7,0.3,RELAX
6.402,27.99,0.7,0.3,RELAX
6.406,23.89,0.7,0.3,RELAX
6.410,30.91,0.7,0.3,RELAX
6.414,30.29,0.7,0.3,RELAX
6.418,22.96,0.7,0.3,RELAX
6.422,36.38,0.7,0.3,RELAX
6.426,23.52,0.7,0.3,RELAX
6.430,11.56,0.7,0.3,RELAX
6.434,-2.88,0.7,0.3,RELAX
6.438,-15.47,0.7,0.3,RELAX
6.441,-35.09,0.7,0.3,RELAX
6.445,-46.90,0.7,0.3,RELAX
6.449,-52.52,0.7,0.3,RELAX
6.453,-59.55,0.7,0.3,RELAX
6.457,-56.93,0.7,0.3,RELAX
6.461,-45.86,0.7,0.3,RELAX
6.465,-34.43,0.7,0.3,RELAX
6.469,-15.61,0.7,0.3,RELAX
6.473,2.06,0.7,0.3,RELAX
6.477,20.69,0.7,0.3,RELAX
6.480,26.61,0.7,0.3,RELAX
6.484,30.89,0.7,0.3,RELAX
6.488,31.68,0.7,0.3,RELAX
6.492,31.47,0.7,0.3,RELAX
6.496,29.82,0.7,0.3,RELAX
6.500,26.00,0.7,0.3,RELAX
6.504,25.54,0.7,0.3,RELAX
6.508,26.19,0.7,0.3,RELAX
6.512,33.72,0.7,0.3,RELAX
6.516,23.74,0.7,0.3,RELAX
6.520,25.70,0.7,0.3,RELAX
6.523,12.65,0.7,0.3,RELAX
6.527,4.81,0.7,0.3,RELAX
6.531,-13.57,0.7,0.3,RELAX
6.535,-29.94,0.7,0.3,RELAX
6.539,-42.49,0.7,0.3,RELAX
6.543,-57.31,0.7,0.3,RELAX
6.547,-59.82,0.7,0.3,RELAX
6.551,-55.77,0.7,0.3,RELAX
6.555,-47.61,0.7,0.3,RELAX
6.559,-35.40,0.7,0.3,RELAX
6.562,-9.93,0.7,0.3,RELAX
6.566,-2.86,0.7,0.3,RELAX
6.570,12.31,0.7,0.3,RELAX
6.574,17.95,0.7,0.3,RELAX
6.578,20.82,0.7,0.3,RELAX
6.582,30.34,0.7,0.3,RELAX
6.586,33.37,0.7,0.3,RELAX
6.590,26.68,0.7,0.3,RELAX
6.594,32.55,0.7,0.3,RELAX
6.598,29.16,0.7,0.3,RELAX
6.602,37.82,0.7,0.3,RELAX
6.605,37.94,0.7,0.3,RELAX
6.609,40.72,0.7,0.3,RELAX
6.613,25.19,0.7,0.3,RELAX
6.617,22.48,0.7,0.3,RELAX
6.621,9.18,0.7,0.3,RELAX
6.625,-6.84,0.7,0.3,RELAX
6.629,-27.80,0.7,0.3,RELAX
6.633,-47.33,0.7,0.3,RELAX
6.637,-60.64,0.7,0.3,RELAX
6.641,-61.58,0.7,0.3,RELAX
6.645,-53.66,0.7,0.3,RELAX
6.648,-47.13,0.7,0.3,RELAX
6.652,-31.81,0.7,0.3,RELAX
6.656,-20.92,0.7,0.3,RELAX
6.660,-4.06,0.7,0.3,RELAX
6.664,7.56,0.7,0.3,RELAX
6.668,16.23,0.7,0.3,RELAX
6.672,19.02,0.7,0.3,RELAX
6.676,25.22,0.7,0.3,RELAX
6.680,29.71,0.7,0.3,RELAX
6.684,26.43,0.7,0.3,RELAX
6.688,30.60,0.7,0.3,RELAX
6.691,32.96,0.7,0.3,RELAX
6.695,39.59,0.7,0.3,RELAX
6.699,39.33,0.7,0.3,RELAX
6.703,38.44,0.7,0.3,RELAX
6.707,33.12,0.7,0.3,RELAX
6.711,25.91,0.7,0.3,RELAX
6.715,9.58,0.7,0.3,RELAX
6.719,-3.15,0.7,0.3,RELAX
6.723,-20.38,0.7,0.3,RELAX
6.727,-44.25,0.7,0.3,RELAX
6.730,-56.88,0.7,0.3,RELAX
6.734,-60.04,0.7,0.3,RELAX
6.738,-58.17,0.7,0.3,RELAX
6.742,-43.71,0.7,0.3,RELAX
6.746,-36.70,0.7,0.3,RELAX
6.750,-23.03,0.7,0.3,RELAX
6.754,-5.26,0.7,0.3,RELAX
6.758,5.05,0.7,0.3,RELAX
6.762,10.61,0.7,0.3,RELAX
6.766,13.29,0.7,0.3,RELAX
6.770,15.55,0.7,0.3,RELAX
6.773,20.38,0.7,0.3,RELAX
6.777,24.09,0.7,0.3,RELAX
6.781,30.72,0.7,0.3,RELAX
6.785,34.26,0.7,0.3,RELAX
6.789,45.41,0.7,0.3,RELAX
6.793,44.41,0.7,0.3,RELAX
6.797,43.45,0.7,0.3,RELAX
6.801,42.60,0.7,0.3,RELAX
6.805,29.39,0.7,0.3,RELAX
6.809,8.14,0.7,0.3,RELAX
6.812,-4.00,0.7,0.3,RELAX
6.816,-25.32,0.7,0.3,RELAX
6.820,-36.77,0.7,0.3,RELAX
6.824,-51.35,0.7,0.3,RELAX
6.828,-55.90,0.7,0.3,RELAX
6.832,-51.39,0.7,0.3,RELAX
6.836,-46.13,0.7,0.3,RELAX
6.840,-36.89,0.7,0.3,RELAX
6.844,-25.43,0.7,0.3,RELAX
6.848,-13.70,0.7,0.3,RELAX
6.852,1.11,0.7,0.3,RELAX
6.855,1.05,0.7,0.3,RELAX
6.859,9.67,0.7,0.3,RELAX
6.863,11.89,0.7,0.3,RELAX
6.867,22.39,0.7,0.3,RELAX
6.871,18.58,0.7,0.3,RELAX
6.875,30.63,0.7,0.3,RELAX
6.879,35.72,0.7,0.3,RELAX
6.883,40.34,0.7,0.3,RELAX
6.887,48.74,0.7,0.3,RELAX
6.891,53.74,0.7,0.3,RELAX
6.895,43.53,0.7,0.3,RELAX
6.898,35.28,0.7,0.3,RELAX
6.902,14.43,0.7,0.3,RELAX
6.906,-6.02,0.7,0.3,RELAX
6.910,-28.04,0.7,0.3,RELAX
6.914,-40.35,0.7,0.3,RELAX
6.918,-47.90,0.7,0.3,RELAX
6.922,-55.52,0.7,0.3,RELAX
6.926,-53.94,0.7,0.3,RELAX
6.930,-42.10,0.7,0.3,RELAX
6.934,-37.58,0.7,0.3,RELAX
6.938,-26.69,0.7,0.3,RELAX
6.941,-15.81,0.7,0.3,RELAX
6.945,-8.54,0.7,0.3,RELAX
6.949,-1.42,0.7,0.3,RELAX
6.953,6.89,0.7,0.3,RELAX
6.957,6.37,0.7,0.3,RELAX
6.961,13.72,0.7,0.3,RELAX
6.965,15.87,0.7,0.3,RELAX
6.969,31.61,0.7,0.3,RELAX
6.973,37.96,0.7,0.3,RELAX
6.977,47.13,0.7,0.3,RELAX
6.980,51.15,0.7,0.3,RELAX
6.984,56.73,0.7,0.3,RELAX
6.988,42.81,0.7,0.3,RELAX
6.992,33.12,0.7,0.3,RELAX
6.996,17.96,0.7,0.3,RELAX
7.000,-1.97,0.7,0.3,RELAX
7.004,-12.34,0.7,0.3,RELAX
7.008,-38.21,0.7,0.3,RELAX
7.012,-47.13,0.7,0.3,RELAX
7.016,-51.07,0.7,0.3,RELAX
7.020,-47.63,0.7,0.3,RELAX
7.023,-44.58,0.7,0.3,RELAX
7.027,-38.07,0.7,0.3,RELAX
7.031,-28.71,0.7,0.3,RELAX
7.035,-17.53,0.7,0.3,RELAX
7.039,-4.03,0.7,0.3,RELAX
7.043,-3.48,0.7,0.3,RELAX
7.047,-0.45,0.7,0.3,RELAX
7.051,-1.69,0.7,0.3,RELAX
7.055,10.28,0.7,0.3,RELAX
7.059,15.24,0.7,0.3,RELAX
7.062,23.81,0.7,0.3,RELAX
7.066,35.80,0.7,0.3,RELAX
7.070,46.38,0.7,0.3,RELAX
7.074,50.43,0.7,0.3,RELAX
7.078,57.68,0.7,0.3,RELAX
7.082,50.05,0.7,0.3,RELAX
7.086,33.51,0.7,0.3,RELAX
7.090,23.59,0.7,0.3,RELAX
7.094,3.53,0.7,0.3,RELAX
7.098,-12.91,0.7,0.3,RELAX
7.102,-30.82,0.7,0.3,RELAX
7.105,-42.04,0.7,0.3,RELAX
7.109,-51.59,0.7,0.3,RELAX
7.113,-48.61,0.7,0.3,RELAX
7.117,-45.62,0.7,0.3,RELAX
7.121,-39.38,0.7,0.3,RELAX
7.125,-26.71,0.7,0.3,RELAX
7.129,-22.96,0.7,0.3,RELAX
7.133,-9.49,0.7,0.3,RELAX
7.137,-12.96,0.7,0.3,RELAX
7.141,-9.79,0.7,0.3,RELAX
7.145,0.59,0.7,0.3,RELAX
7.148,4.73,0.7,0.3,RELAX
7.152,10.45,0.7,0.3,RELAX
7.156,23.21,0.7,0.3,RELAX
7.160,36.08,0.7,0.3,RELAX
7.164,54.50,0.7,0.3,RELAX
7.168,55.03,0.7,0.3,RELAX
7.172,59.01,0.7,0.3,RELAX
7.176,51.15,0.7,0.3,RELAX
7.180,38.75,0.7,0.3,RELAX
7.184,20.13,0.7,0.3,RELAX
7.188,5.07,0.7,0.3,RELAX
7.191,-11.36,0.7,0.3,RELAX
7.195,-30.60,0.7,0.3,RELAX
7.199,-33.88,0.7,0.3,RELAX
7.203,-43.37,0.7,0.3,RELAX
7.207,-43.66,0.7,0.3,RELAX
7.211,-42.32,0.7,0.3,RELAX
7.215,-34.72,0.7,0.3,RELAX
7.219,-29.30,0.7,0.3,RELAX
7.223,-19.52,0.7,0.3,RELAX
7.227,-16.56,0.7,0.3,RELAX
7.230,-14.32,0.7,0.3,RELAX
7.234,-15.89,0.7,0.3,RELAX
7.238,-10.82,0.7,0.3,RELAX
7.242,-6.01,0.7,0.3,RELAX
7.246,11.98,0.7,0.3,RELAX
7.250,15.64,0.7,0.3,RELAX
7.254,34.86,0.7,0.3,RELAX
7.258,47.66,0.7,0.3,RELAX
7.262,59.14,0.7,0.3,RELAX
7.266,59.12,0.7,0.3,RELAX
7.270,59.35,0.7,0.3,RELAX
7.273,46.82,0.7,0.3,RELAX
7.277,23.05,0.7,0.3,RELAX
7.281,13.20,0.7,0.3,RELAX
7.285,-6.06,0.7,0.3,RELAX
7.289,-21.58,0.7,0.3,RELAX
7.293,-37.90,0.7,0.3,RELAX
7.297,-41.44,0.7,0.3,RELAX
7.301,-44.34,0.7,0.3,RELAX
7.305,-38.45,0.7,0.3,RELAX
7.309,-33.93,0.7,0.3,RELAX
7.312,-26.16,0.7,0.3,RELAX
7.316,-27.04,0.7,0.3,RELAX
7.320,-25.50,0.7,0.3,RELAX
7.324,-21.28,0.7,0.3,RELAX
7.328,-20.77,0.7,0.3,RELAX
7.332,-13.02,0.7,0.3,RELAX
7.336,-4.58,0.7,0.3,RELAX
7.340,-0.73,0.7,0.3,RELAX
7.344,19.02,0.7,0.3,RELAX
7.348,35.37,0.7,0.3,RELAX
7.352,47.95,0.7,0.3,RELAX
7.355,55.28,0.7,0.3,RELAX
7.359,57.66,0.7,0.3,RELAX
7.363,48.14,0.7,0.3,RELAX
7.367,42.77,0.7,0.3,RELAX
7.371,30.02,0.7,0.3,RELAX
7.375,9.05,0.7,0.3,RELAX
7.379,-6.80,0.7,0.3,RELAX
7.383,-20.53,0.7,0.3,RELAX
7.387,-28.26,0.7,0.3,RELAX
7.391,-38.54,0.7,0.3,RELAX
7.395,-37.05,0.7,0.3,RELAX
7.398,-34.15,0.7,0.3,RELAX
7.402,-35.99,0.7,0.3,RELAX
7.406,-35.21,0.7,0.3,RELAX
7.410,-25.26,0.7,0.3,RELAX
7.414,-28.22,0.7,0.3,RELAX
7.418,-28.65,0.7,0.3,RELAX
7.422,-25.74,0.7,0.3,RELAX
7.426,-19.07,0.7,0.3,RELAX
7.430,-14.26,0.7,0.3,RELAX
7.434,-3.15,0.7,0.3,RELAX
7.438,21.42,0.7,0.3,RELAX
7.441,33.65,0.7,0.3,RELAX
7.445,48.85,0.7,0.3,RELAX
7.449,58.79,0.7,0.3,RELAX
7.453,65.10,0.7,0.3,RELAX
7.457,56.42,0.7,0.3,RELAX
7.461,42.95,0.7,0.3,RELAX
7.465,30.06,0.7,0.3,RELAX
7.469,16.15,0.7,0.3,RELAX
7.473,1.77,0.7,0.3,RELAX
7.477,-16.20,0.7,0.3,RELAX
7.480,-22.81,0.7,0.3,RELAX
7.484,-36.74,0.7,0.3,RELAX
7.488,-32.64,0.7,0.3,RELAX
7.492,-29.03,0.7,0.3,RELAX
7.496,-35.68,0.7,0.3,RELAX
7.500,-23.38,0.7,0.3,RELAX
7.504,-26.96,0.7,0.3,RELAX
7.508,-30.86,0.7,0.3,RELAX
7.512,-36.09,0.7,0.3,RELAX
7.516,-32.81,0.7,0.3,RELAX
7.520,-23.10,0.7,0.3,RELAX
7.523,-13.85,0.7,0.3,RELAX
7.527,-1.35,0.7,0.3,RELAX
7.531,17.75,0.7,0.3,RELAX
7.535,32.58,0.7,0.3,RELAX
7.539,41.74,0.7,0.3,RELAX
7.543,54.37,0.7,0.3,RELAX
7.547,61.45,0.7,0.3,RELAX
7.551,54.00,0.7,0.3,RELAX
7.555,43.21,0.7,0.3,RELAX
7.559,32.21,0.7,0.3,RELAX
7.562,13.19,0.7,0.3,RELAX
7.566,2.89,0.7,0.3,RELAX
7.570,-11.11,0.7,0.3,RELAX
7.574,-22.74,0.7,0.3,RELAX
7.578,-28.58,0.7,0.3,RELAX
7.582,-32.28,0.7,0.3,RELAX
7.586,-32.25,0.7,0.3,RELAX
7.590,-30.13,0.7,0.3,RELAX
7.594,-32.63,0.7,0.3,RELAX
7.598,-31.99,0.7,0.3,RELAX
7.602,-38.56,0.7,0.3,RELAX
7.605,-35.96,0.7,0.3,RELAX
7.609,-36.25,0.7,0.3,RELAX
7.613,-27.14,0.7,0.3,RELAX
7.617,-17.03,0.7,0.3,RELAX
7.621,-1.90,0.7,0.3,RELAX
7.625,7.84,0.7,0.3,RELAX
7.629,27.87,0.7,0.3,RELAX
7.633,46.67,0.7,0.3,RELAX
7.637,57.25,0.7,0.3,RELAX
7.641,57.00,0.7,0.3,RELAX
7.645,58.69,0.7,0.3,RELAX
7.648,48.79,0.7,0.3,RELAX
7.652,39.17,0.7,0.3,RELAX
7.656,21.50,0.7,0.3,RELAX
7.660,1.08,0.7,0.3,RELAX
7.664,-2.02,0.7,0.3,RELAX
7.668,-18.34,0.7,0.3,RELAX
7.672,-23.52,0.7,0.3,RELAX
7.676,-21.40,0.7,0.3,RELAX
7.680,-22.79,0.7,0.3,RELAX
7.684,-28.65,0.7,0.3,RELAX
7.688,-27.92,0.7,0.3,RELAX
7.691,-32.35,0.7,0.3,RELAX
7.695,-34.14,0.7,0.3,RELAX
7.699,-38.35,0.7,0.3,RELAX
7.703,-39.64,0.7,0.3,RELAX
7.707,-34.52,0.7,0.3,RELAX
7.711,-28.02,0.7,0.3,RELAX
7.715,-11.11,0.7,0.3,RELAX
7.719,10.58,0.7,0.3,RELAX
7.723,29.28,0.7,0.3,RELAX
7.727,42.36,0.7,0.3,RELAX
7.730,51.44,0.7,0.3,RELAX
7.734,64.47,0.7,0.3,RELAX
7.738,58.19,0.7,0.3,RELAX
7.742,47.62,0.7,0.3,RELAX
7.746,32.83,0.7,0.3,RELAX
7.750,18.77,0.7,0.3,RELAX
7.754,6.12,0.7,0.3,RELAX
7.758,-3.58,0.7,0.3,RELAX
7.762,-9.94,0.7,0.3,RELAX
7.766,-11.29,0.7,0.3,RELAX
7.770,-14.65,0.7,0.3,RELAX
7.773,-23.59,0.7,0.3,RELAX
7.777,-20.52,0.7,0.3,RELAX
7.781,-25.75,0.7,0.3,RELAX
7.785,-29.99,0.7,0.3,RELAX
7.789,-42.63,0.7,0.3,RELAX
7.793,-45.56,0.7,0.3,RELAX
7.797,-42.59,0.7,0.3,RELAX
7.801,-38.07,0.7,0.3,RELAX
7.805,-25.84,0.7,0.3,RELAX
7.809,-16.96,0.7,0.3,RELAX
7.812,3.81,0.7,0.3,RELAX
7.816,21.79,0.7,0.3,RELAX
7.820,38.97,0.7,0.3,RELAX
7.824,51.20,0.7,0.3,RELAX
7.828,56.08,0.7,0.3,RELAX
7.832,55.53,0.7,0.3,RELAX
7.836,42.91,0.7,0.3,RELAX
7.840,35.11,0.7,0.3,RELAX
7.844,27.68,0.7,0.3,RELAX
7.848,10.52,0.7,0.3,RELAX
7.852,4.93,0.7,0.3,RELAX
7.855,-4.91,0.7,0.3,RELAX
7.859,-3.00,0.7,0.3,RELAX
7.863,-9.44,0.7,0.3,RELAX
7.867,-14.32,0.7,0.3,RELAX
7.871,-19.37,0.7,0.3,RELAX
7.875,-28.73,0.7,0.3,RELAX
7.879,-36.07,0.7,0.3,RELAX
7.883,-41.25,0.7,0.3,RELAX
7.887,-44.40,0.7,0.3,RELAX
7.891,-49.17,0.7,0.3,RELAX
7.895,-45.44,0.7,0.3,RELAX
7.898,-36.23,0.7,0.3,RELAX
7.902,-13.83,0.7,0.3,RELAX
7.906,7.15,0.7,0.3,RELAX
7.910,23.93,0.7,0.3,RELAX
7.914,37.97,0.7,0.3,RELAX
7.918,45.79,0.7,0.3,RELAX
7.922,55.10,0.7,0.3,RELAX
7.926,54.67,0.7,0.3,RELAX
7.930,45.05,0.7,0.3,RELAX
7.934,33.80,0.7,0.3,RELAX
7.938,24.50,0.7,0.3,RELAX
7.941,11.43,0.7,0.3,RELAX
7.945,11.28,0.7,0.3,RELAX
7.949,2.43,0.7,0.3,RELAX
7.953,1.01,0.7,0.3,RELAX
7.957,-4.94,0.7,0.3,RELAX
7.961,-9.46,0.7,0.3,RELAX
7.965,-20.33,0.7,0.3,RELAX
7.969,-21.57,0.7,0.3,RELAX
7.973,-34.30,0.7,0.3,RELAX
7.977,-46.13,0.7,0.3,RELAX
7.980,-53.65,0.7,0.3,RELAX
7.984,-46.61,0.7,0.3,RELAX
7.988,-56.67,0.7,0.3,RELAX
7.992,-35.85,0.7,0.3,RELAX
7.996,-11.23,0.7,0.3,RELAX
8.000,2.54,0.5,0.5,NONE
8.004,17.77,0.5,0.5,NONE
8.008,36.95,0.5,0.5,NONE
8.012,41.09,0.5,0.5,NONE
8.016,43.90,0.5,0.5,NONE
8.020,36.91,0.5,0.5,NONE
8.023,19.29,0.5,0.5,NONE
8.027,9.60,0.5,0.5,NONE
8.031,3.09,0.5,0.5,NONE
8.035,-3.84,0.5,0.5,NONE
8.039,-4.05,0.5,0.5,NONE
8.043,-0.94,0.5,0.5,NONE
8.047,4.27,0.5,0.5,NONE
8.051,4.96,0.5,0.5,NONE
8.055,4.40,0.5,0.5,NONE
8.059,9.98,0.5,0.5,NONE
8.062,-3.58,0.5,0.5,NONE
8.066,-6.56,0.5,0.5,NONE
8.070,-29.34,0.5,0.5,NONE
8.074,-42.63,0.5,0.5,NONE
8.078,-47.81,0.5,0.5,NONE
8.082,-47.74,0.5,0.5,NONE
8.086,-36.48,0.5,0.5,NONE
8.090,-18.63,0.5,0.5,NONE
8.094,-0.49,0.5,0.5,NONE
8.098,10.77,0.5,0.5,NONE
8.102,34.35,0.5,0.5,NONE
8.105,41.09,0.5,0.5,NONE
8.109,41.75,0.5,0.5,NONE
8.113,33.23,0.5,0.5,NONE
8.117,22.34,0.5,0.5,NONE
8.121,8.86,0.5,0.5,NONE
8.125,-1.14,0.5,0.5,NONE
8.129,-6.52,0.5,0.5,NONE
8.133,-6.39,0.5,0.5,NONE
8.137,-0.93,0.5,0.5,NONE
8.141,4.80,0.5,0.5,NONE
8.145,9.82,0.5,0.5,NONE
8.148,11.04,0.5,0.5,NONE
8.152,11.12,0.5,0.5,NONE
8.156,-8.08,0.5,0.5,NONE
8.160,-20.06,0.5,0.5,NONE
8.164,-32.54,0.5,0.5,NONE
8.168,-42.53,0.5,0.5,NONE
8.172,-45.04,0.5,0.5,NONE
8.176,-49.59,0.5,0.5,NONE
8.180,-32.93,0.5,0.5,NONE
8.184,-20.87,0.5,0.5,NONE
8.188,3.22,0.5,0.5,NONE
8.191,14.62,0.5,0.5,NONE
8.195,30.61,0.5,0.5,NONE
8.199,39.47,0.5,0.5,NONE
8.203,34.74,0.5,0.5,NONE
8.207,29.72,0.5,0.5,NONE
8.211,19.26,0.5,0.5,NONE
8.215,4.52,0.5,0.5,NONE
8.219,0.48,0.5,0.5,NONE
8.223,-0.24,0.5,0.5,NONE
8.227,-1.12,0.5,0.5,NONE
8.230,1.83,0.5,0.5,NONE
8.234,5.85,0.5,0.5,NONE
8.238,15.02,0.5,0.5,NONE
8.242,21.78,0.5,0.5,NONE
8.246,10.79,0.5,0.5,NONE
8.250,1.13,0.5,0.5,NONE
8.254,-13.55,0.5,0.5,NONE
8.258,-30.06,0.5,0.5,NONE
8.262,-38.37,0.5,0.5,NONE
8.266,-53.96,0.5,0.5,NONE
8.270,-49.25,0.5,0.5,NONE
8.273,-37.38,0.5,0.5,NONE
8.277,-19.68,0.5,0.5,NONE
8.281,0.20,0.5,0.5,NONE
8.285,15.89,0.5,0.5,NONE
8.289,28.76,0.5,0.5,NONE
8.293,39.85,0.5,0.5,NONE
8.297,31.52,0.5,0.5,NONE
8.301,29.48,0.5,0.5,NONE
8.305,14.79,0.5,0.5,NONE
8.309,0.12,0.5,0.5,NONE
8.312,3.74,0.5,0.5,NONE
8.316,-3.23,0.5,0.5,NONE
8.320,1.79,0.5,0.5,NONE
8.324,6.55,0.5,0.5,NONE
8.328,14.10,0.5,0.5,NONE
8.332,20.66,0.5,0.5,NONE
8.336,24.13,0.5,0.5,NONE
8.340,10.08,0.5,0.5,NONE
8.344,0.86,0.5,0.5,NONE
8.348,-17.25,0.5,0.5,NONE
8.352,-24.86,0.5,0.5,NONE
8.355,-48.50,0.5,0.5,NONE
8.359,-48.06,0.5,0.5,NONE
8.363,-48.91,0.5,0.5,NONE
8.367,-37.22,0.5,0.5,NONE
8.371,-22.33,0.5,0.5,NONE
8.375,3.96,0.5,0.5,NONE
8.379,17.65,0.5,0.5,NONE
8.383,23.30,0.5,0.5,NONE
8.387,30.67,0.5,0.5,NONE
8.391,30.38,0.5,0.5,NONE
8.395,28.17,0.5,0.5,NONE
8.398,12.21,0.5,0.5,NONE
8.402,3.81,0.5,0.5,BLINK
8.406,-0.49,0.5,0.5,BLINK
8.410,0.42,0.5,0.5,BLINK
8.414,4.56,0.5,0.5,BLINK
8.418,12.61,0.5,0.5,BLINK
8.422,21.37,0.5,0.5,BLINK
8.426,24.82,0.5,0.5,BLINK
8.430,28.39,0.5,0.5,BLINK
8.434,16.55,0.5,0.5,BLINK
8.438,5.17,0.5,0.5,BLINK
8.441,-6.69,0.5,0.5,BLINK
8.445,-20.96,0.5,0.5,BLINK
8.449,-33.81,0.5,0.5,BLINK
8.453,-37.36,0.5,0.5,BLINK
8.457,-23.22,0.5,0.5,BLINK
8.461,1.58,0.5,0.5,BLINK
8.465,23.73,0.5,0.5,BLINK
8.469,58.82,0.5,0.5,BLINK
8.473,85.12,0.5,0.5,BLINK
8.477,111.26,0.5,0.5,BLINK
8.480,132.41,0.5,0.5,BLINK
8.484,138.41,0.5,0.5,BLINK
8.488,146.48,0.5,0.5,BLINK
8.492,146.83,0.5,0.5,BLINK
8.496,154.11,0.5,0.5,BLINK
8.500,149.50,0.5,0.5,BLINK
8.504,155.79,0.5,0.5,BLINK
8.508,150.84,0.5,0.5,BLINK
8.512,145.27,0.5,0.5,BLINK
8.516,144.11,0.5,0.5,BLINK
8.520,128.81,0.5,0.5,BLINK
8.523,112.52,0.5,0.5,BLINK
8.527,85.35,0.5,0.5,BLINK
8.531,52.85,0.5,0.5,BLINK
8.535,26.80,0.5,0.5,BLINK
8.539,-0.03,0.5,0.5,BLINK
8.543,-19.12,0.5,0.5,BLINK
8.547,-30.31,0.5,0.5,BLINK
8.551,-32.74,0.5,0.5,BLINK
8.555,-27.72,0.5,0.5,BLINK
8.559,-9.25,0.5,0.5,BLINK
8.562,6.58,0.5,0.5,BLINK
8.566,17.41,0.5,0.5,BLINK
8.570,23.37,0.5,0.5,BLINK
8.574,27.63,0.5,0.5,BLINK
8.578,26.14,0.5,0.5,BLINK
8.582,16.95,0.5,0.5,BLINK
8.586,4.78,0.5,0.5,BLINK
8.590,-1.22,0.5,0.5,BLINK
8.594,5.82,0.5,0.5,BLINK
8.598,6.60,0.5,0.5,BLINK
8.602,11.37,0.5,0.5,NONE
8.605,20.10,0.5,0.5,NONE
8.609,32.42,0.5,0.5,NONE
8.613,35.69,0.5,0.5,NONE
8.617,30.60,0.5,0.5,NONE
8.621,17.59,0.5,0.5,NONE
8.625,0.41,0.5,0.5,NONE
8.629,-18.24,0.5,0.5,NONE
8.633,-37.71,0.5,0.5,NONE
8.637,-42.55,0.5,0.5,NONE
8.641,-51.47,0.5,0.5,NONE
8.645,-38.84,0.5,0.5,NONE
8.648,-31.81,0.5,0.5,NONE
8.652,-17.23,0.5,0.5,NONE
8.656,-3.60,0.5,0.5,NONE
8.660,12.62,0.5,0.5,NONE
8.664,24.66,0.5,0.5,NONE
8.668,23.11,0.5,0.5,NONE
8.672,19.99,0.5,0.5,NONE
8.676,12.97,0.5,0.5,NONE
8.680,4.81,0.5,0.5,NONE
8.684,0.72,0.5,0.5,NONE
8.688,-3.30,0.5,0.5,NONE
8.691,11.35,0.5,0.5,NONE
8.695,19.60,0.5,0.5,NONE
8.699,20.27,0.5,0.5,NONE
8.703,31.35,0.5,0.5,NONE
8.707,35.69,0.5,0.5,NONE
8.711,32.42,0.5,0.5,NONE
8.715,17.67,0.5,0.5,NONE
8.719,0.58,0.5,0.5,NONE
8.723,-20.87,0.5,0.5,NONE
8.727,-32.08,0.5,0.5,NONE
8.730,-50.53,0.5,0.5,NONE
8.734,-51.35,0.5,0.5,NONE
8.738,-37.57,0.5,0.5,NONE
8.742,-29.20,0.5,0.5,NONE
8.746,-12.42,0.5,0.5,NONE
8.750,0.19,0.5,0.5,NONE
8.754,13.30,0.5,0.5,NONE
8.758,13.42,0.5,0.5,NONE
8.762,18.33,0.5,0.5,NONE
8.766,14.59,0.5,0.5,NONE
8.770,4.36,0.5,0.5,NONE
8.773,3.76,0.5,0.5,NONE
8.777,-5.18,0.5,0.5,NONE
8.781,-4.24,0.5,0.5,NONE
8.785,10.64,0.5,0.5,NONE
8.789,14.46,0.5,0.5,NONE
8.793,25.08,0.5,0.5,NONE
8.797,40.23,0.5,0.5,NONE
8.801,41.70,0.5,0.5,NONE
8.805,36.62,0.5,0.5,NONE
8.809,21.51,0.5,0.5,NONE
8.812,-3.58,0.5,0.5,NONE
8.816,-22.36,0.5,0.5,NONE
8.820,-31.72,0.5,0.5,NONE
8.824,-45.79,0.5,0.5,NONE
8.828,-47.48,0.5,0.5,NONE
8.832,-44.33,0.5,0.5,NONE
8.836,-28.92,0.5,0.5,NONE
8.840,-10.63,0.5,0.5,NONE
8.844,-3.67,0.5,0.5,NONE
8.848,10.87,0.5,0.5,NONE
8.852,15.64,0.5,0.5,NONE
8.855,15.83,0.5,0.5,NONE
8.859,9.11,0.5,0.5,NONE
8.863,2.27,0.5,0.5,NONE
8.867,-4.71,0.5,0.5,NONE
8.871,1.36,0.5,0.5,NONE
8.875,0.12,0.5,0.5,NONE
8.879,4.99,0.5,0.5,NONE
8.883,19.45,0.5,0.5,NONE
8.887,35.30,0.5,0.5,NONE
8.891,36.24,0.5,0.5,NONE
8.895,35.72,0.5,0.5,NONE
8.898,29.07,0.5,0.5,NONE
8.902,16.95,0.5,0.5,NONE
8.906,4.28,0.5,0.5,NONE
8.910,-22.48,0.5,0.5,NONE
8.914,-32.54,0.5,0.5,NONE
8.918,-42.96,0.5,0.5,NONE
8.922,-44.64,0.5,0.5,NONE
8.926,-35.62,0.5,0.5,NONE
8.930,-28.28,0.5,0.5,NONE
8.934,-11.65,0.5,0.5,NONE
8.938,3.12,0.5,0.5,NONE
8.941,6.11,0.5,0.5,NONE
8.945,10.69,0.5,0.5,NONE
8.949,9.43,0.5,0.5,NONE
8.953,0.43,0.5,0.5,NONE
8.957,-6.18,0.5,0.5,NONE
8.961,-8.75,0.5,0.5,NONE
8.965,-5.94,0.5,0.5,NONE
8.969,1.74,0.5,0.5,NONE
8.973,13.42,0.5,0.5,NONE
8.977,28.29,0.5,0.5,NONE
8.980,38.46,0.5,0.5,NONE
8.984,42.61,0.5,0.5,NONE
8.988,37.84,0.5,0.5,NONE
8.992,37.58,0.5,0.5,NONE
8.996,13.45,0.5,0.5,NONE
9.000,-1.23,0.5,0.5,NONE
9.004,-20.26,0.5,0.5,NONE
9.008,-37.33,0.5,0.5,NONE
9.012,-43.47,0.5,0.5,NONE
9.016,-43.51,0.5,0.5,NONE
9.020,-35.11,0.5,0.5,NONE
9.023,-29.51,0.5,0.5,NONE
9.027,-4.28,0.5,0.5,NONE
9.031,6.77,0.5,0.5,NONE
9.035,7.92,0.5,0.5,NONE
9.039,7.16,0.5,0.5,NONE
9.043,-3.51,0.5,0.5,NONE
9.047,-1.39,0.5,0.5,NONE
9.051,-9.37,0.5,0.5,NONE
9.055,-11.94,0.5,0.5,NONE
9.059,-11.91,0.5,0.5,NONE
9.062,-1.35,0.5,0.5,NONE
9.066,7.90,0.5,0.5,NONE
9.070,24.21,0.5,0.5,NONE
9.074,41.34,0.5,0.5,NONE
9.078,38.99,0.5,0.5,NONE
9.082,44.19,0.5,0.5,NONE
9.086,38.34,0.5,0.5,NONE
9.090,13.72,0.5,0.5,NONE
9.094,0.62,0.5,0.5,NONE
9.098,-18.92,0.5,0.5,NONE
9.102,-28.60,0.5,0.5,NONE
9.105,-38.95,0.5,0.5,NONE
9.109,-44.40,0.5,0.5,NONE
9.113,-36.95,0.5,0.5,NONE
9.117,-22.74,0.5,0.5,NONE
9.121,-10.58,0.5,0.5,NONE
9.125,0.62,0.5,0.5,NONE
9.129,3.31,0.5,0.5,NONE
9.133,1.86,0.5,0.5,NONE
9.137,-1.73,0.5,0.5,NONE
9.141,-4.41,0.5,0.5,NONE
9.145,-15.86,0.5,0.5,NONE
9.148,-10.83,0.5,0.5,NONE
9.152,-11.83,0.5,0.5,NONE
9.156,0.11,0.5,0.5,NONE
9.160,12.67,0.5,0.5,NONE
9.164,25.41,0.5,0.5,NONE
9.168,40.39,0.5,0.5,NONE
9.172,49.21,0.5,0.5,NONE
9.176,44.20,0.5,0.5,NONE
9.180,35.95,0.5,0.5,NONE
9.184,18.99,0.5,0.5,NONE
9.188,-3.96,0.5,0.5,NONE
9.191,-20.02,0.5,0.5,NONE
9.195,-32.92,0.5,0.5,NONE
9.199,-32.94,0.5,0.5,NONE
9.203,-36.80,0.5,0.5,NONE
9.207,-25.21,0.5,0.5,NONE
9.211,-22.09,0.5,0.5,NONE
9.215,-6.94,0.5,0.5,NONE
9.219,3.41,0.5,0.5,NONE
9.223,2.89,0.5,0.5,NONE
9.227,0.91,0.5,0.5,NONE
9.230,-0.38,0.5,0.5,NONE
9.234,-10.35,0.5,0.5,NONE
9.238,-13.92,0.5,0.5,NONE
9.242,-14.22,0.5,0.5,NONE
9.246,-15.92,0.5,0.5,NONE
9.250,0.23,0.5,0.5,NONE
9.254,16.15,0.5,0.5,NONE
9.258,25.98,0.5,0.5,NONE
9.262,48.71,0.5,0.5,NONE
9.266,53.18,0.5,0.5,NONE
9.270,38.93,0.5,0.5,NONE
9.273,35.95,0.5,0.5,NONE
9.277,15.84,0.5,0.5,NONE
9.281,0.09,0.5,0.5,NONE
9.285,-18.28,0.5,0.5,NONE
9.289,-27.22,0.5,0.5,NONE
9.293,-35.77,0.5,0.5,NONE
9.297,-33.36,0.5,0.5,NONE
9.301,-25.74,0.5,0.5,NONE
9.305,-14.39,0.5,0.5,NONE
9.309,-10.57,0.5,0.5,NONE
9.312,2.59,0.5,0.5,NONE
9.316,3.66,0.5,0.5,NONE
9.320,-10.18,0.5,0.5,NONE
9.324,-12.98,0.5,0.5,NONE
9.328,-20.56,0.5,0.5,NONE
9.332,-20.31,0.5,0.5,NONE
9.336,-26.12,0.5,0.5,NONE
9.340,-11.55,0.5,0.5,NONE
9.344,-0.98,0.5,0.5,NONE
9.348,14.92,0.5,0.5,NONE
9.352,31.57,0.5,0.5,NONE
9.355,44.21,0.5,0.5,NONE
9.359,48.28,0.5,0.5,NONE
9.363,48.35,0.5,0.5,NONE
9.367,40.03,0.5,0.5,NONE
9.371,22.34,0.5,0.5,NONE
9.375,-2.29,0.5,0.5,NONE
9.379,-15.40,0.5,0.5,NONE
9.383,-29.39,0.5,0.5,NONE
9.387,-33.16,0.5,0.5,NONE
9.391,-23.57,0.5,0.5,NONE
9.395,-22.49,0.5,0.5,NONE
9.398,-14.90,0.5,0.5,NONE
9.402,-3.96,0.5,0.5,NONE
9.406,-0.48,0.5,0.5,NONE
9.410,1.14,0.5,0.5,NONE
9.414,-5.30,0.5,0.5,NONE
9.418,-16.64,0.5,0.5,NONE
9.422,-22.32,0.5,0.5,NONE
9.426,-28.08,0.5,0.5,NONE
9.430,-19.95,0.5,0.5,NONE
9.434,-13.39,0.5,0.5,NONE
9.438,-4.94,0.5,0.5,NONE
9.441,13.43,0.5,0.5,NONE
9.445,33.34,0.5,0.5,NONE
9.449,42.87,0.5,0.5,NONE
9.453,50.28,0.5,0.5,NONE
9.457,43.06,0.5,0.5,NONE
9.461,35.45,0.5,0.5,NONE
9.465,18.34,0.5,0.5,NONE
9.469,3.59,0.5,0.5,NONE
9.473,-22.21,0.5,0.5,NONE
9.477,-24.98,0.5,0.5,NONE
9.480,-24.45,0.5,0.5,NONE
9.484,-28.46,0.5,0.5,NONE
9.488,-14.23,0.5,0.5,NONE
9.492,-11.67,0.5,0.5,NONE
9.496,-4.40,0.5,0.5,NONE
9.500,2.41,0.5,0.5,NONE
9.504,-2.25,0.5,0.5,NONE
9.508,-13.66,0.5,0.5,NONE
9.512,-21.96,0.5,0.5,NONE
9.516,-24.02,0.5,0.5,NONE
9.520,-26.41,0.5,0.5,NONE
9.523,-24.67,0.5,0.5,NONE
9.527,-14.72,0.5,0.5,NONE
9.531,-4.53,0.5,0.5,NONE
9.535,20.41,0.5,0.5,NONE
9.539,36.77,0.5,0.5,NONE
9.543,47.74,0.5,0.5,NONE
9.547,46.65,0.5,0.5,NONE
9.551,43.80,0.5,0.5,NONE
9.555,36.24,0.5,0.5,NONE
9.559,14.29,0.5,0.5,NONE
9.562,-0.38,0.5,0.5,NONE
9.566,-16.58,0.5,0.5,NONE
9.570,-24.09,0.5,0.5,NONE
9.574,-28.14,0.5,0.5,NONE
9.578,-23.64,0.5,0.5,NONE
9.582,-10.84,0.5,0.5,NONE
9.586,-1.24,0.5,0.5,NONE
9.590,-3.66,0.5,0.5,NONE
9.594,4.00,0.5,0.5,NONE
9.598,-3.40,0.5,0.5,NONE
9.602,-11.26,0.5,0.5,NONE
9.605,-23.37,0.5,0.5,NONE
9.609,-26.87,0.5,0.5,NONE
9.613,-36.42,0.5,0.5,NONE
9.617,-24.96,0.5,0.5,NONE
9.621,-19.24,0.5,0.5,NONE
9.625,0.95,0.5,0.5,NONE
9.629,15.36,0.5,0.5,NONE
9.633,37.88,0.5,0.5,NONE
9.637,47.54,0.5,0.5,NONE
9.641,40.79,0.5,0.5,NONE
9.645,42.72,0.5,0.5,NONE
9.648,32.37,0.5,0.5,NONE
9.652,16.08,0.5,0.5,NONE
9.656,-1.43,0.5,0.5,NONE
9.660,-12.65,0.5,0.5,NONE
9.664,-19.29,0.5,0.5,NONE
9.668,-23.50,0.5,0.5,NONE
9.672,-18.08,0.5,0.5,NONE
9.676,-6.53,0.5,0.5,NONE
9.680,-0.37,0.5,0.5,NONE
9.684,-0.90,0.5,0.5,NONE
9.688,0.63,0.5,0.5,NONE
9.691,-9.96,0.5,0.5,NONE
9.695,-16.61,0.5,0.5,NONE
9.699,-27.46,0.5,0.5,NONE
9.703,-27.14,0.5,0.5,NONE
9.707,-28.88,0.5,0.5,NONE
9.711,-29.23,0.5,0.5,NONE
9.715,-16.58,0.5,0.5,NONE
9.719,3.67,0.5,0.5,NONE
9.723,15.57,0.5,0.5,NONE
9.727,38.83,0.5,0.5,NONE
9.730,45.56,0.5,0.5,NONE
9.734,48.78,0.5,0.5,NONE
9.738,40.67,0.5,0.5,NONE
9.742,34.85,0.5,0.5,NONE
9.746,9.83,0.5,0.5,NONE
9.750,-4.16,0.5,0.5,NONE
9.754,-6.56,0.5,0.5,NONE
9.758,-16.80,0.5,0.5,NONE
9.762,-20.30,0.5,0.5,NONE
9.766,-11.21,0.5,0.5,NONE
9.770,-7.59,0.5,0.5,NONE
9.773,-2.40,0.5,0.5,NONE
9.777,1.31,0.5,0.5,NONE
9.781,3.77,0.5,0.5,NONE
9.785,-3.32,0.5,0.5,NONE
9.789,-17.54,0.5,0.5,NONE
9.793,-34.59,0.5,0.5,NONE
9.797,-39.94,0.5,0.5,NONE
9.801,-37.89,0.5,0.5,NONE
9.805,-32.54,0.5,0.5,NONE
9.809,-19.27,0.5,0.5,NONE
9.812,-1.45,0.5,0.5,NONE
9.816,21.50,0.5,0.5,NONE
9.820,36.52,0.5,0.5,NONE
9.824,49.82,0.5,0.5,NONE
9.828,47.35,0.5,0.5,NONE
9.832,42.82,0.5,0.5,NONE
9.836,32.85,0.5,0.5,NONE
9.840,16.75,0.5,0.5,NONE
9.844,-0.41,0.5,0.5,NONE
9.848,-10.82,0.5,0.5,NONE
9.852,-10.63,0.5,0.5,NONE
9.855,-12.08,0.5,0.5,NONE
9.859,-8.87,0.5,0.5,NONE
9.863,-1.47,0.5,0.5,NONE
9.867,5.17,0.5,0.5,NONE
9.871,3.40,0.5,0.5,NONE
9.875,3.06,0.5,0.5,NONE
9.879,-8.50,0.5,0.5,NONE
9.883,-18.31,0.5,0.5,NONE
9.887,-31.76,0.5,0.5,NONE
9.891,-41.27,0.5,0.5,NONE
9.895,-42.12,0.5,0.5,NONE
9.898,-32.47,0.5,0.5,NONE
9.902,-18.12,0.5,0.5,NONE
9.906,1.04,0.5,0.5,NONE
9.910,16.23,0.5,0.5,NONE
9.914,30.82,0.5,0.5,NONE
9.918,45.96,0.5,0.5,NONE
9.922,44.91,0.5,0.5,NONE
9.926,39.97,0.5,0.5,NONE
9.930,31.99,0.5,0.5,NONE
9.934,12.22,0.5,0.5,NONE
9.938,-2.05,0.5,0.5,NONE
9.941,-8.11,0.5,0.5,NONE
9.945,-13.86,0.5,0.5,NONE
9.949,-10.97,0.5,0.5,NONE
9.953,-2.39,0.5,0.5,NONE
9.957,3.75,0.5,0.5,NONE
9.961,4.61,0.5,0.5,NONE
9.965,11.79,0.5,0.5,NONE
9.969,-3.57,0.5,0.5,NONE
9.973,-9.99,0.5,0.5,NONE
9.977,-24.83,0.5,0.5,NONE
9.980,-35.61,0.5,0.5,NONE
9.984,-40.66,0.5,0.5,NONE
9.988,-38.27,0.5,0.5,NONE
9.992,-31.26,0.5,0.5,NONE
9.996,-16.76,0.5,0.5,NONE
